rank,word,freq_per_million,zipf
1,の,52500.0,7.72
2,に,33100.0,7.52
3,て,30200.0,7.48
4,は,28800.0,7.46
5,が,26900.0,7.43
6,た,25700.0,7.41
7,を,25700.0,7.41
8,で,20400.0,7.31
9,し,16600.0,7.22
10,と,16200.0,7.21
11,な,11700.0,7.07
12,ない,11000.0,7.04
13,も,11000.0,7.04
14,だ,9550.0,6.98
15,か,8710.0,6.94
16,ん,7940.0,6.9
17,から,6310.0,6.8
18,です,6170.0,6.79
19,する,5750.0,6.76
20,よ,5500.0,6.74
21,ます,5250.0,6.72
22,さ,4790.0,6.68
23,こと,4680.0,6.67
24,いる,4570.0,6.66
25,れ,4470.0,6.65
26,ね,4270.0,6.63
27,てる,4170.0,6.62
28,ある,3980.0,6.6
29,う,3890.0,6.59
30,い,3800.0,6.58
31,人,3630.0,6.56
32,1,2750.0,6.44
33,や,2690.0,6.43
34,2,2400.0,6.38
35,日,2400.0,6.38
36,いい,2340.0,6.37
37,なっ,2340.0,6.37
38,まし,2290.0,6.36
39,この,2240.0,6.35
40,そう,2240.0,6.35
41,って,2240.0,6.35
42,たら,2140.0,6.33
43,ば,2140.0,6.33
44,お,2090.0,6.32
45,けど,2090.0,6.32
46,これ,2040.0,6.31
47,よう,2040.0,6.31
48,3,1950.0,6.29
49,じゃ,1950.0,6.29
50,年,1860.0,6.27
51,その,1780.0,6.25
52,たい,1700.0,6.23
53,だけ,1700.0,6.23
54,まで,1660.0,6.22
55,的,1660.0,6.22
56,なる,1620.0,6.21
57,なら,1580.0,6.2
58,者,1580.0,6.2
59,月,1550.0,6.19
60,だっ,1510.0,6.18
61,見,1510.0,6.18
62,という,1480.0,6.17
63,中,1450.0,6.16
64,それ,1410.0,6.15
65,でも,1410.0,6.15
66,何,1410.0,6.15
67,れる,1350.0,6.13
68,だろ,1320.0,6.12
69,なく,1320.0,6.12
70,私,1320.0,6.12
71,ため,1290.0,6.11
72,わ,1260.0,6.1
73,時,1260.0,6.1
74,あり,1230.0,6.09
75,もの,1230.0,6.09
76,4,1200.0,6.08
77,へ,1200.0,6.08
78,一,1200.0,6.08
79,あっ,1170.0,6.07
80,さん,1170.0,6.07
81,ので,1170.0,6.07
82,今,1170.0,6.07
83,方,1170.0,6.07
84,き,1150.0,6.06
85,せ,1150.0,6.06
86,として,1150.0,6.06
87,5,1120.0,6.05
88,日本,1120.0,6.05
89,でき,1100.0,6.04
90,ませ,1100.0,6.04
91,やっ,1100.0,6.04
92,など,1070.0,6.03
93,思っ,1020.0,6.01
94,自分,1020.0,6.01
95,なかっ,1000.0,6.0
96,られ,1000.0,6.0
97,ー,977.0,5.99
98,より,955.0,5.98
99,とか,933.0,5.97
100,俺,933.0,5.97
101,前,933.0,5.97
102,気,912.0,5.96
103,時間,891.0,5.95
104,どう,871.0,5.94
105,でしょ,832.0,5.92
106,また,832.0,5.92
107,もう,832.0,5.92
108,目,813.0,5.91
109,言っ,813.0,5.91
110,え,794.0,5.9
111,できる,794.0,5.9
112,なり,776.0,5.89
113,話,776.0,5.89
114,くれ,759.0,5.88
115,事,759.0,5.88
116,出,759.0,5.88
117,ず,724.0,5.86
118,思う,724.0,5.86
119,8,661.0,5.82
120,かも,661.0,5.82
121,分,661.0,5.82
122,家,661.0,5.82
123,6,646.0,5.81
124,たり,646.0,5.81
125,ご,631.0,5.8
126,み,631.0,5.8
127,円,631.0,5.8
128,7,617.0,5.79
129,後,617.0,5.79
130,のに,603.0,5.78
131,みたい,603.0,5.78
132,ください,589.0,5.77
133,たち,589.0,5.77
134,二,589.0,5.77
135,好き,589.0,5.77
136,良い,589.0,5.77
137,ここ,575.0,5.76
138,ぞ,575.0,5.76
139,大,575.0,5.76
140,性,575.0,5.76
141,9,562.0,5.75
142,上,562.0,5.75
143,回,562.0,5.75
144,考え,562.0,5.75
145,感じ,550.0,5.74
146,数,550.0,5.74
147,必要,537.0,5.73
148,行っ,537.0,5.73
149,♪,525.0,5.72
150,そんな,525.0,5.72
151,なんて,525.0,5.72
152,ら,525.0,5.72
153,万,525.0,5.72
154,来,525.0,5.72
155,ちょっと,513.0,5.71
156,世界,513.0,5.71
157,他,513.0,5.71
158,本,513.0,5.71
159,誰,513.0,5.71
160,ありがとう,501.0,5.7
161,あれ,501.0,5.7
162,つ,501.0,5.7
163,でし,490.0,5.69
164,よく,490.0,5.69
165,化,490.0,5.69
166,第,490.0,5.69
167,ああ,479.0,5.68
168,しか,479.0,5.68
169,ところ,479.0,5.68
170,仕事,479.0,5.68
171,言う,479.0,5.68
172,市,468.0,5.67
173,県,468.0,5.67
174,0,457.0,5.66
175,あなた,457.0,5.66
176,おり,457.0,5.66
177,こんな,457.0,5.66
178,について,457.0,5.66
179,られる,457.0,5.66
180,同じ,457.0,5.66
181,問題,457.0,5.66
182,a,447.0,5.65
183,w,447.0,5.65
184,まだ,447.0,5.65
185,言わ,447.0,5.65
186,とき,437.0,5.64
187,度,437.0,5.64
188,系,437.0,5.64
189,手,427.0,5.63
190,くる,417.0,5.62
191,みんな,417.0,5.62
192,ゲーム,417.0,5.62
193,そして,407.0,5.61
194,思い,407.0,5.61
195,情報,407.0,5.61
196,くらい,398.0,5.6
197,しよ,398.0,5.6
198,三,398.0,5.6
199,関係,398.0,5.6
200,くれる,389.0,5.59
201,たく,389.0,5.59
202,ながら,389.0,5.59
203,会,389.0,5.59
204,僕,389.0,5.59
205,力,389.0,5.59
206,国,380.0,5.58
207,しかし,372.0,5.57
208,今日,372.0,5.57
209,持っ,372.0,5.57
210,本当に,372.0,5.57
211,m,363.0,5.56
212,ちゃん,363.0,5.56
213,以上,363.0,5.56
214,可能,363.0,5.56
215,場合,363.0,5.56
216,多い,363.0,5.56
217,子,363.0,5.56
218,車,363.0,5.56
219,金,363.0,5.56
220,あ,355.0,5.55
221,あの,355.0,5.55
222,どこ,355.0,5.55
223,なん,355.0,5.55
224,男,355.0,5.55
225,間,355.0,5.55
226,せる,347.0,5.54
227,なんか,347.0,5.54
228,出来,347.0,5.54
229,所,347.0,5.54
230,すぎ,339.0,5.53
231,人間,339.0,5.53
232,使っ,339.0,5.53
233,名,339.0,5.53
234,女,339.0,5.53
235,知ら,339.0,5.53
236,s,331.0,5.52
237,あと,331.0,5.52
238,いう,331.0,5.52
239,いく,331.0,5.52
240,しれ,331.0,5.52
241,やる,331.0,5.52
242,位,331.0,5.52
243,様,331.0,5.52
244,次,331.0,5.52
245,行く,331.0,5.52
246,しまっ,324.0,5.51
247,ほど,324.0,5.51
248,入れ,324.0,5.51
249,欲しい,324.0,5.51
250,無い,324.0,5.51
251,the,316.0,5.5
252,すぐ,316.0,5.5
253,ただ,316.0,5.5
254,ましょ,316.0,5.5
255,わけ,316.0,5.5
256,ノ,316.0,5.5
257,入っ,316.0,5.5
258,女性,316.0,5.5
259,東京,316.0,5.5
260,歳,316.0,5.5
261,見る,316.0,5.5
262,べき,309.0,5.49
263,意味,309.0,5.49
264,そこ,302.0,5.48
265,っ,302.0,5.48
266,一緒,302.0,5.48
267,多く,302.0,5.48
268,b,295.0,5.47
269,́,295.0,5.47
270,うち,295.0,5.47
271,なぁ,295.0,5.47
272,君,295.0,5.47
273,いっ,288.0,5.46
274,ござい,288.0,5.46
275,によって,288.0,5.46
276,もっと,288.0,5.46
277,使用,288.0,5.46
278,店,288.0,5.46
279,悪い,288.0,5.46
280,新,288.0,5.46
281,生,288.0,5.46
282,結果,288.0,5.46
283,食べ,288.0,5.46
284,いや,282.0,5.45
285,しまう,282.0,5.45
286,ぜ,282.0,5.45
287,先,282.0,5.45
288,内,282.0,5.45
289,写真,282.0,5.45
290,参加,282.0,5.45
291,感,282.0,5.45
292,物,282.0,5.45
293,知っ,282.0,5.45
294,聞い,282.0,5.45
295,顔,282.0,5.45
296,c,275.0,5.44
297,お願い,275.0,5.44
298,だって,275.0,5.44
299,やつ,275.0,5.44
300,会社,275.0,5.44
301,声,275.0,5.44
302,最近,275.0,5.44
303,用,275.0,5.44
304,違う,275.0,5.44
305,による,269.0,5.43
306,ま,269.0,5.43
307,十,269.0,5.43
308,少し,269.0,5.43
309,時代,269.0,5.43
310,頭,269.0,5.43
311,i,263.0,5.42
312,いつも,263.0,5.42
313,お前,263.0,5.42
314,こ,263.0,5.42
315,わから,263.0,5.42
316,アメリカ,263.0,5.42
317,代,263.0,5.42
318,子供,263.0,5.42
319,彼,263.0,5.42
320,心,263.0,5.42
321,高,263.0,5.42
322,l,257.0,5.41
323,t,257.0,5.41
324,こちら,257.0,5.41
325,アニメ,257.0,5.41
326,サイト,257.0,5.41
327,名前,257.0,5.41
328,無料,257.0,5.41
329,版,257.0,5.41
330,神,257.0,5.41
331,等,257.0,5.41
332,超,257.0,5.41
333,つけ,251.0,5.4
334,下,251.0,5.4
335,元,251.0,5.4
336,別,251.0,5.4
337,場所,251.0,5.4
338,最後,251.0,5.4
339,部,251.0,5.4
340,高い,251.0,5.4
341,いけ,245.0,5.39
342,すれ,245.0,5.39
343,一番,245.0,5.39
344,出し,245.0,5.39
345,受け,245.0,5.39
346,大丈夫,245.0,5.39
347,町,245.0,5.39
348,言葉,245.0,5.39
349,奴,240.0,5.38
350,映画,240.0,5.38
351,氏,240.0,5.38
352,点,240.0,5.38
353,社会,234.0,5.37
354,でる,229.0,5.36
355,なけれ,229.0,5.36
356,作っ,229.0,5.36
357,方法,229.0,5.36
358,最初,229.0,5.36
359,理由,229.0,5.36
360,相手,229.0,5.36
361,見え,229.0,5.36
362,すごい,224.0,5.35
363,とても,224.0,5.35
364,もん,224.0,5.35
365,体,224.0,5.35
366,作品,224.0,5.35
367,動画,224.0,5.35
368,型,224.0,5.35
369,始め,224.0,5.35
370,彼女,224.0,5.35
371,頃,224.0,5.35
372,駅,224.0,5.35
373,かけ,219.0,5.34
374,ちゃう,219.0,5.34
375,はず,219.0,5.34
376,らしい,219.0,5.34
377,下さい,219.0,5.34
378,企業,219.0,5.34
379,利用,219.0,5.34
380,存在,219.0,5.34
381,曲,219.0,5.34
382,漫画,219.0,5.34
383,無理,219.0,5.34
384,現在,219.0,5.34
385,買っ,219.0,5.34
386,d,214.0,5.33
387,す,214.0,5.33
388,ちゃ,214.0,5.33
389,わかる,214.0,5.33
390,以外,214.0,5.33
391,水,214.0,5.33
392,行き,214.0,5.33
393,言え,214.0,5.33
394,なに,209.0,5.32
395,やめ,209.0,5.32
396,事件,209.0,5.32
397,普通,209.0,5.32
398,番,209.0,5.32
399,通り,209.0,5.32
400,達,209.0,5.32
401,ちゃっ,204.0,5.31
402,つい,204.0,5.31
403,ねえ,204.0,5.31
404,女子,204.0,5.31
405,学校,204.0,5.31
406,得,204.0,5.31
407,最高,204.0,5.31
408,状態,204.0,5.31
409,画像,204.0,5.31
410,発売,204.0,5.31
411,簡単,204.0,5.31
412,約,204.0,5.31
413,絶対,204.0,5.31
414,̄,200.0,5.3
415,ほう,200.0,5.3
416,まあ,200.0,5.3
417,中国,200.0,5.3
418,側,200.0,5.3
419,先生,200.0,5.3
420,実際,200.0,5.3
421,気持ち,200.0,5.3
422,確認,200.0,5.3
423,開催,200.0,5.3
424,すぎる,195.0,5.29
425,なし,195.0,5.29
426,ほしい,195.0,5.29
427,まま,195.0,5.29
428,今回,195.0,5.29
429,全部,195.0,5.29
430,夜,195.0,5.29
431,テレビ,191.0,5.28
432,個人,191.0,5.28
433,外,191.0,5.28
434,忘れ,191.0,5.28
435,探し,191.0,5.28
436,教え,191.0,5.28
437,早く,191.0,5.28
438,枚,191.0,5.28
439,機,191.0,5.28
440,法,191.0,5.28
441,結婚,191.0,5.28
442,○,186.0,5.27
443,いえ,186.0,5.27
444,ずっと,186.0,5.27
445,やり,186.0,5.27
446,一つ,186.0,5.27
447,出来る,186.0,5.27
448,初めて,186.0,5.27
449,友達,186.0,5.27
450,場,186.0,5.27
451,生活,186.0,5.27
452,色,186.0,5.27
453,言い,186.0,5.27
454,やら,182.0,5.26
455,ダメ,182.0,5.26
456,cm,178.0,5.25
457,x,178.0,5.25
458,かなり,178.0,5.25
459,どんな,178.0,5.25
460,にて,178.0,5.25
461,により,178.0,5.25
462,ねぇ,178.0,5.25
463,のみ,178.0,5.25
464,よかっ,178.0,5.25
465,人気,178.0,5.25
466,公開,178.0,5.25
467,初,178.0,5.25
468,区,178.0,5.25
469,新しい,178.0,5.25
470,書い,178.0,5.25
471,理解,178.0,5.25
472,こう,174.0,5.24
473,さらに,174.0,5.24
474,なぜ,174.0,5.24
475,全て,174.0,5.24
476,内容,174.0,5.24
477,向け,174.0,5.24
478,大阪,174.0,5.24
479,女の子,174.0,5.24
480,娘,174.0,5.24
481,対応,174.0,5.24
482,放送,174.0,5.24
483,活動,174.0,5.24
484,状況,174.0,5.24
485,登場,174.0,5.24
486,続け,174.0,5.24
487,販売,174.0,5.24
488,起き,174.0,5.24
489,音,174.0,5.24
490,f,170.0,5.23
491,p,170.0,5.23
492,r,170.0,5.23
493,v,170.0,5.23
494,こそ,170.0,5.23
495,とも,170.0,5.23
496,みる,170.0,5.23
497,ネット,170.0,5.23
498,全,170.0,5.23
499,出る,170.0,5.23
500,夢,170.0,5.23
501,大変,170.0,5.23
502,完全,170.0,5.23
503,技術,170.0,5.23
504,特に,170.0,5.23
505,研究,170.0,5.23
506,説明,170.0,5.23
507,o,166.0,5.22
508,く,166.0,5.22
509,せい,166.0,5.22
510,そういう,166.0,5.22
511,ばかり,166.0,5.22
512,式,166.0,5.22
513,待っ,166.0,5.22
514,思わ,166.0,5.22
515,発表,166.0,5.22
516,道,166.0,5.22
517,風,166.0,5.22
518,お金,162.0,5.21
519,たくさん,162.0,5.21
520,どの,162.0,5.21
521,なあ,162.0,5.21
522,もちろん,162.0,5.21
523,イベント,162.0,5.21
524,システム,162.0,5.21
525,一般,162.0,5.21
526,件,162.0,5.21
527,攻撃,162.0,5.21
528,無,162.0,5.21
529,自身,162.0,5.21
530,良かっ,162.0,5.21
531,部分,162.0,5.21
532,電話,162.0,5.21
533,ちゃんと,158.0,5.2
534,ニュース,158.0,5.2
535,マジ,158.0,5.2
536,予定,158.0,5.2
537,全員,158.0,5.2
538,分から,158.0,5.2
539,口,158.0,5.2
540,愛,158.0,5.2
541,戦争,158.0,5.2
542,明日,158.0,5.2
543,登録,158.0,5.2
544,確か,158.0,5.2
545,紹介,158.0,5.2
546,終わっ,158.0,5.2
547,良く,158.0,5.2
548,花,158.0,5.2
549,e,155.0,5.19
550,☆,155.0,5.19
551,いつ,155.0,5.19
552,すべて,155.0,5.19
553,号,155.0,5.19
554,機能,155.0,5.19
555,計画,155.0,5.19
556,設定,155.0,5.19
557,調査,155.0,5.19
558,重要,155.0,5.19
559,g,151.0,5.18
560,★,151.0,5.18
561,かわいい,151.0,5.18
562,これから,151.0,5.18
563,ち,151.0,5.18
564,なきゃ,151.0,5.18
565,に対して,151.0,5.18
566,る,151.0,5.18
567,チーム,151.0,5.18
568,人生,151.0,5.18
569,使う,151.0,5.18
570,員,151.0,5.18
571,屋,151.0,5.18
572,形,151.0,5.18
573,昔,151.0,5.18
574,朝,151.0,5.18
575,来る,151.0,5.18
576,生き,151.0,5.18
577,目的,151.0,5.18
578,自由,151.0,5.18
579,記事,151.0,5.18
580,過ぎ,151.0,5.18
581,開始,151.0,5.18
582,開発,151.0,5.18
583,際,151.0,5.18
584,うん,148.0,5.17
585,ねー,148.0,5.17
586,まい,148.0,5.17
587,地,148.0,5.17
588,家族,148.0,5.17
589,影響,148.0,5.17
590,政府,148.0,5.17
591,死ん,148.0,5.17
592,男性,148.0,5.17
593,読ん,148.0,5.17
594,部屋,148.0,5.17
595,限定,148.0,5.17
596,韓国,148.0,5.17
597,おい,145.0,5.16
598,にとって,145.0,5.16
599,やっぱり,145.0,5.16
600,地域,145.0,5.16
601,基本,145.0,5.16
602,夏,145.0,5.16
603,姿,145.0,5.16
604,期間,145.0,5.16
605,注意,145.0,5.16
606,率,145.0,5.16
607,管理,145.0,5.16
608,英語,145.0,5.16
609,街,145.0,5.16
610,j,141.0,5.15
611,ω,141.0,5.15
612,しろ,141.0,5.15
613,だから,141.0,5.15
614,め,141.0,5.15
615,カード,141.0,5.15
616,大学,141.0,5.15
617,室,141.0,5.15
618,強い,141.0,5.15
619,撮影,141.0,5.15
620,質問,141.0,5.15
621,長,141.0,5.15
622,h,138.0,5.14
623,やすい,138.0,5.14
624,わかっ,138.0,5.14
625,以前,138.0,5.14
626,似,138.0,5.14
627,安全,138.0,5.14
628,戦,138.0,5.14
629,決定,138.0,5.14
630,為,138.0,5.14
631,王,138.0,5.14
632,見える,138.0,5.14
633,記念,138.0,5.14
634,足,138.0,5.14
635,軍,138.0,5.14
636,連絡,138.0,5.14
637,of,135.0,5.13
638,はい,135.0,5.13
639,やろ,135.0,5.13
640,エロ,135.0,5.13
641,シリーズ,135.0,5.13
642,ライブ,135.0,5.13
643,以下,135.0,5.13
644,入り,135.0,5.13
645,公式,135.0,5.13
646,大きな,135.0,5.13
647,大事,135.0,5.13
648,毎日,135.0,5.13
649,終了,135.0,5.13
650,違い,135.0,5.13
651,音楽,135.0,5.13
652,け,132.0,5.12
653,ほとんど,132.0,5.12
654,まとめ,132.0,5.12
655,んで,132.0,5.12
656,アプリ,132.0,5.12
657,マン,132.0,5.12
658,モデル,132.0,5.12
659,個,132.0,5.12
660,効果,132.0,5.12
661,増え,132.0,5.12
662,寝,132.0,5.12
663,政治,132.0,5.12
664,書,132.0,5.12
665,期待,132.0,5.12
666,病院,132.0,5.12
667,着,132.0,5.12
668,結構,132.0,5.12
669,行動,132.0,5.12
670,過去,132.0,5.12
671,and,129.0,5.11
672,あまり,129.0,5.11
673,こっち,129.0,5.11
674,どれ,129.0,5.11
675,期,129.0,5.11
676,歴史,129.0,5.11
677,派,129.0,5.11
678,米,129.0,5.11
679,線,129.0,5.11
680,覚え,129.0,5.11
681,話し,129.0,5.11
682,─,126.0,5.1
683,こいつ,126.0,5.1
684,とこ,126.0,5.1
685,なれ,126.0,5.1
686,において,126.0,5.1
687,イメージ,126.0,5.1
688,バカ,126.0,5.1
689,レベル,126.0,5.1
690,一部,126.0,5.1
691,使わ,126.0,5.1
692,再,126.0,5.1
693,台,126.0,5.1
694,同,126.0,5.1
695,実は,126.0,5.1
696,帰っ,126.0,5.1
697,最終,126.0,5.1
698,楽しみ,126.0,5.1
699,海外,126.0,5.1
700,犬,126.0,5.1
701,考える,126.0,5.1
702,評価,126.0,5.1
703,警察,126.0,5.1
704,追加,126.0,5.1
705,選手,126.0,5.1
706,関連,126.0,5.1
707,k,123.0,5.09
708,たかっ,123.0,5.09
709,っていう,123.0,5.09
710,なー,123.0,5.09
711,もらっ,123.0,5.09
712,わかり,123.0,5.09
713,クソ,123.0,5.09
714,サービス,123.0,5.09
715,作る,123.0,5.09
716,光,123.0,5.09
717,全く,123.0,5.09
718,全国,123.0,5.09
719,希望,123.0,5.09
720,怖い,123.0,5.09
721,教育,123.0,5.09
722,母,123.0,5.09
723,海,123.0,5.09
724,特別,123.0,5.09
725,番組,123.0,5.09
726,週間,123.0,5.09
727,面白い,123.0,5.09
728,twitter,120.0,5.08
729,いき,120.0,5.08
730,いただき,120.0,5.08
731,ぐらい,120.0,5.08
732,じゃあ,120.0,5.08
733,その後,120.0,5.08
734,なんで,120.0,5.08
735,゚,120.0,5.08
736,デザイン,120.0,5.08
737,主,120.0,5.08
738,事故,120.0,5.08
739,事業,120.0,5.08
740,付け,120.0,5.08
741,全然,120.0,5.08
742,千,120.0,5.08
743,環境,120.0,5.08
744,社,120.0,5.08
745,経済,120.0,5.08
746,議員,120.0,5.08
747,近く,120.0,5.08
748,ええ,117.0,5.07
749,つまり,117.0,5.07
750,り,117.0,5.07
751,データ,117.0,5.07
752,ファン,117.0,5.07
753,メール,117.0,5.07
754,リンク,117.0,5.07
755,ヶ月,117.0,5.07
756,各,117.0,5.07
757,変え,117.0,5.07
758,嫌,117.0,5.07
759,専門,117.0,5.07
760,成功,117.0,5.07
761,持つ,117.0,5.07
762,文化,117.0,5.07
763,映像,117.0,5.07
764,検索,117.0,5.07
765,楽し,117.0,5.07
766,死ぬ,117.0,5.07
767,父,117.0,5.07
768,発見,117.0,5.07
769,to,115.0,5.06
770,じ,115.0,5.06
771,まず,115.0,5.06
772,与え,115.0,5.06
773,主義,115.0,5.06
774,出演,115.0,5.06
775,協力,115.0,5.06
776,品,115.0,5.06
777,嘘,115.0,5.06
778,最大,115.0,5.06
779,本当,115.0,5.06
780,程度,115.0,5.06
781,色々,115.0,5.06
782,落ち,115.0,5.06
783,逆,115.0,5.06
784,量,115.0,5.06
785,飲ん,115.0,5.06
786,in,112.0,5.05
787,プロ,112.0,5.05
788,メンバー,112.0,5.05
789,今年,112.0,5.05
790,代表,112.0,5.05
791,変わっ,112.0,5.05
792,変更,112.0,5.05
793,多分,112.0,5.05
794,契約,112.0,5.05
795,心配,112.0,5.05
796,敵,112.0,5.05
797,昨日,112.0,5.05
798,猫,112.0,5.05
799,生まれ,112.0,5.05
800,発生,112.0,5.05
801,組,112.0,5.05
802,経験,112.0,5.05
803,絵,112.0,5.05
804,興味,112.0,5.05
805,話題,112.0,5.05
806,責任,112.0,5.05
807,酒,112.0,5.05
808,限り,112.0,5.05
809,難しい,112.0,5.05
810,n,110.0,5.04
811,あげ,110.0,5.04
812,まぁ,110.0,5.04
813,バス,110.0,5.04
814,ブログ,110.0,5.04
815,ポイント,110.0,5.04
816,元気,110.0,5.04
817,入る,110.0,5.04
818,可愛い,110.0,5.04
819,商品,110.0,5.04
820,対象,110.0,5.04
821,小,110.0,5.04
822,年間,110.0,5.04
823,支援,110.0,5.04
824,残念,110.0,5.04
825,決め,110.0,5.04
826,白,110.0,5.04
827,百,110.0,5.04
828,終わり,110.0,5.04
829,被害,110.0,5.04
830,見つけ,110.0,5.04
831,試し,110.0,5.04
832,語,110.0,5.04
833,運転,110.0,5.04
834,選挙,110.0,5.04
835,非常,110.0,5.04
836,面,110.0,5.04
837,●,107.0,5.03
838,々,107.0,5.03
839,に対する,107.0,5.03
840,ぬ,107.0,5.03
841,タイプ,107.0,5.03
842,企画,107.0,5.03
843,使い,107.0,5.03
844,億,107.0,5.03
845,勉強,107.0,5.03
846,報告,107.0,5.03
847,彼ら,107.0,5.03
848,星,107.0,5.03
849,服,107.0,5.03
850,流れ,107.0,5.03
851,移動,107.0,5.03
852,行う,107.0,5.03
853,表示,107.0,5.03
854,記録,107.0,5.03
855,間違い,107.0,5.03
856,かい,105.0,5.02
857,くん,105.0,5.02
858,すごく,105.0,5.02
859,なお,105.0,5.02
860,スポーツ,105.0,5.02
861,チェック,105.0,5.02
862,全体,105.0,5.02
863,変,105.0,5.02
864,妻,105.0,5.02
865,嫌い,105.0,5.02
866,文字,105.0,5.02
867,施設,105.0,5.02
868,最も,105.0,5.02
869,楽しい,105.0,5.02
870,秒,105.0,5.02
871,笑,105.0,5.02
872,能力,105.0,5.02
873,見せ,105.0,5.02
874,観,105.0,5.02
875,訳,105.0,5.02
876,誕生,105.0,5.02
877,運動,105.0,5.02
878,配信,105.0,5.02
879,ch,102.0,5.01
880,y,102.0,5.01
881,いか,102.0,5.01
882,その他,102.0,5.01
883,つつ,102.0,5.01
884,つもり,102.0,5.01
885,とりあえず,102.0,5.01
886,なかなか,102.0,5.01
887,ほぼ,102.0,5.01
888,もし,102.0,5.01
889,一方,102.0,5.01
890,価値,102.0,5.01
891,保護,102.0,5.01
892,倍,102.0,5.01
893,官,102.0,5.01
894,意識,102.0,5.01
895,感じる,102.0,5.01
896,木,102.0,5.01
897,権,102.0,5.01
898,詳細,102.0,5.01
899,認め,102.0,5.01
900,調べ,102.0,5.01
901,黒,102.0,5.01
902,u,100.0,5.0
903,こういう,100.0,5.0
904,に関する,100.0,5.0
905,作り,100.0,5.0
906,周,100.0,5.0
907,味,100.0,5.0
908,呼ば,100.0,5.0
909,失敗,100.0,5.0
910,展開,100.0,5.0
911,山,100.0,5.0
912,担当,100.0,5.0
913,提供,100.0,5.0
914,時期,100.0,5.0
915,気分,100.0,5.0
916,求め,100.0,5.0
917,答え,100.0,5.0
918,精神,100.0,5.0
919,組織,100.0,5.0
920,買う,100.0,5.0
921,飲み,100.0,5.0
922,高校,100.0,5.0
923,いま,97.7,4.99
924,おく,97.7,4.99
925,しっかり,97.7,4.99
926,そのまま,97.7,4.99
927,それぞれ,97.7,4.99
928,ほか,97.7,4.99
929,タイトル,97.7,4.99
930,中心,97.7,4.99
931,交換,97.7,4.99
932,会い,97.7,4.99
933,割,97.7,4.99
934,原因,97.7,4.99
935,大人,97.7,4.99
936,嬉しい,97.7,4.99
937,学生,97.7,4.99
938,安心,97.7,4.99
939,幸せ,97.7,4.99
940,投稿,97.7,4.99
941,歌,97.7,4.99
942,死,97.7,4.99
943,薬,97.7,4.99
944,行わ,97.7,4.99
945,表現,97.7,4.99
946,解決,97.7,4.99
947,運営,97.7,4.99
948,nhk,95.5,4.98
949,you,95.5,4.98
950,いろいろ,95.5,4.98
951,おお,95.5,4.98
952,ごめん,95.5,4.98
953,しかも,95.5,4.98
954,そんなに,95.5,4.98
955,キャラ,95.5,4.98
956,例,95.5,4.98
957,危険,95.5,4.98
958,右,95.5,4.98
959,営業,95.5,4.98
960,当時,95.5,4.98
961,感謝,95.5,4.98
962,料理,95.5,4.98
963,日本人,95.5,4.98
964,自然,95.5,4.98
965,it,93.3,4.97
966,きっと,93.3,4.97
967,さえ,93.3,4.97
968,カメラ,93.3,4.97
969,グループ,93.3,4.97
970,セット,93.3,4.97
971,ネタ,93.3,4.97
972,事実,93.3,4.97
973,信じ,93.3,4.97
974,出す,93.3,4.97
975,分かっ,93.3,4.97
976,判断,93.3,4.97
977,動物,93.3,4.97
978,国内,93.3,4.97
979,大会,93.3,4.97
980,大好き,93.3,4.97
981,巻,93.3,4.97
982,師,93.3,4.97
983,悪く,93.3,4.97
984,想像,93.3,4.97
985,春,93.3,4.97
986,未,93.3,4.97
987,準備,93.3,4.97
988,自動,93.3,4.97
989,行け,93.3,4.97
990,記憶,93.3,4.97
991,試合,93.3,4.97
992,身,93.3,4.97
993,ok,91.2,4.96
994,pc,91.2,4.96
995,どっち,91.2,4.96
996,もっ,91.2,4.96
997,ろ,91.2,4.96
998,ページ,91.2,4.96
999,乗っ,91.2,4.96
1000,今度,91.2,4.96
1001,分かる,91.2,4.96
1002,労働,91.2,4.96
1003,大きく,91.2,4.96
1004,大切,91.2,4.96
1005,居,91.2,4.96
1006,未来,91.2,4.96
1007,沖縄,91.2,4.96
1008,現実,91.2,4.96
1009,用意,91.2,4.96
1010,科学,91.2,4.96
1011,種,91.2,4.96
1012,結局,91.2,4.96
1013,美,91.2,4.96
1014,親,91.2,4.96
1015,www,89.1,4.95
1016,アップ,89.1,4.95
1017,ガン,89.1,4.95
1018,ドラマ,89.1,4.95
1019,上げ,89.1,4.95
1020,予約,89.1,4.95
1021,仲間,89.1,4.95
1022,位置,89.1,4.95
1023,作,89.1,4.95
1024,印象,89.1,4.95
1025,反応,89.1,4.95
1026,少ない,89.1,4.95
1027,島,89.1,4.95
1028,日本語,89.1,4.95
1029,本人,89.1,4.95
1030,番号,89.1,4.95
1031,空,89.1,4.95
1032,綺麗,89.1,4.95
1033,裏,89.1,4.95
1034,近い,89.1,4.95
1035,銀行,89.1,4.95
1036,長い,89.1,4.95
1037,あー,87.1,4.94
1038,いっぱい,87.1,4.94
1039,もらう,87.1,4.94
1040,センター,87.1,4.94
1041,不明,87.1,4.94
1042,京都,87.1,4.94
1043,出会い,87.1,4.94
1044,参考,87.1,4.94
1045,友人,87.1,4.94
1046,地球,87.1,4.94
1047,実施,87.1,4.94
1048,必ず,87.1,4.94
1049,更新,87.1,4.94
1050,皆,87.1,4.94
1051,購入,87.1,4.94
1052,重,87.1,4.94
1053,階,87.1,4.94
1054,馬,87.1,4.94
1055,いたし,85.1,4.93
1056,えっ,85.1,4.93
1057,ごと,85.1,4.93
1058,どうぞ,85.1,4.93
1059,ぼく,85.1,4.93
1060,やん,85.1,4.93
1061,よし,85.1,4.93
1062,シーン,85.1,4.93
1063,スーパー,85.1,4.93
1064,ン,85.1,4.93
1065,人々,85.1,4.93
1066,使え,85.1,4.93
1067,卒業,85.1,4.93
1068,周り,85.1,4.93
1069,四,85.1,4.93
1070,国民,85.1,4.93
1071,多,85.1,4.93
1072,大統領,85.1,4.93
1073,宇宙,85.1,4.93
1074,対策,85.1,4.93
1075,少女,85.1,4.93
1076,携帯,85.1,4.93
1077,時点,85.1,4.93
1078,村,85.1,4.93
1079,正直,85.1,4.93
1080,皆さん,85.1,4.93
1081,真,85.1,4.93
1082,肉,85.1,4.93
1083,行か,85.1,4.93
1084,頑張っ,85.1,4.93
1085,no,83.2,4.92
1086,かかる,83.2,4.92
1087,どちら,83.2,4.92
1088,なんと,83.2,4.92
1089,コメント,83.2,4.92
1090,トップ,83.2,4.92
1091,以降,83.2,4.92
1092,価格,83.2,4.92
1093,取っ,83.2,4.92
1094,合わせ,83.2,4.92
1095,学,83.2,4.92
1096,差,83.2,4.92
1097,弾,83.2,4.92
1098,思え,83.2,4.92
1099,息子,83.2,4.92
1100,明らか,83.2,4.92
1101,楽,83.2,4.92
1102,止め,83.2,4.92
1103,消費,83.2,4.92
1104,火,83.2,4.92
1105,犯罪,83.2,4.92
1106,監督,83.2,4.92
1107,素晴らしい,83.2,4.92
1108,経営,83.2,4.92
1109,置い,83.2,4.92
1110,船,83.2,4.92
1111,良,83.2,4.92
1112,読み,83.2,4.92
1113,負け,83.2,4.92
1114,通常,83.2,4.92
1115,障害,83.2,4.92
1116,電車,83.2,4.92
1117,食べる,83.2,4.92
1118,kg,81.3,4.91
1119,っけ,81.3,4.91
1120,とっ,81.3,4.91
1121,または,81.3,4.91
1122,やれ,81.3,4.91
1123,よる,81.3,4.91
1124,アイドル,81.3,4.91
1125,セックス,81.3,4.91
1126,ホテル,81.3,4.91
1127,ロシア,81.3,4.91
1128,ヽ,81.3,4.91
1129,不,81.3,4.91
1130,作業,81.3,4.91
1131,値,81.3,4.91
1132,国家,81.3,4.91
1133,多数,81.3,4.91
1134,役,81.3,4.91
1135,戦い,81.3,4.91
1136,残っ,81.3,4.91
1137,消え,81.3,4.91
1138,疲れ,81.3,4.91
1139,祭,81.3,4.91
1140,素敵,81.3,4.91
1141,続ける,81.3,4.91
1142,聞く,81.3,4.91
1143,脳,81.3,4.91
1144,艦,81.3,4.91
1145,行こ,81.3,4.91
1146,行為,81.3,4.91
1147,途中,81.3,4.91
1148,非,81.3,4.91
1149,https,79.4,4.9
1150,°,79.4,4.9
1151,おっぱい,79.4,4.9
1152,たぶん,79.4,4.9
1153,つか,79.4,4.9
1154,ぶり,79.4,4.9
1155,ほんと,79.4,4.9
1156,スタッフ,79.4,4.9
1157,ドイツ,79.4,4.9
1158,仕方,79.4,4.9
1159,入れる,79.4,4.9
1160,制度,79.4,4.9
1161,制限,79.4,4.9
1162,取引,79.4,4.9
1163,国際,79.4,4.9
1164,地方,79.4,4.9
1165,士,79.4,4.9
1166,完成,79.4,4.9
1167,少年,79.4,4.9
1168,強く,79.4,4.9
1169,方向,79.4,4.9
1170,有名,79.4,4.9
1171,本気,79.4,4.9
1172,森,79.4,4.9
1173,生産,79.4,4.9
1174,石,79.4,4.9
1175,自己,79.4,4.9
1176,いれ,77.6,4.89
1177,ちなみに,77.6,4.89
1178,よろしく,77.6,4.89
1179,ドル,77.6,4.89
1180,付き,77.6,4.89
1181,会議,77.6,4.89
1182,健康,77.6,4.89
1183,分かり,77.6,4.89
1184,勝手,77.6,4.89
1185,北,77.6,4.89
1186,北海道,77.6,4.89
1187,半,77.6,4.89
1188,呼ん,77.6,4.89
1189,器,77.6,4.89
1190,外国,77.6,4.89
1191,大量,77.6,4.89
1192,委員,77.6,4.89
1193,左,77.6,4.89
1194,平成,77.6,4.89
1195,当然,77.6,4.89
1196,恋,77.6,4.89
1197,旅,77.6,4.89
1198,特徴,77.6,4.89
1199,送っ,77.6,4.89
1200,選択,77.6,4.89
1201,野球,77.6,4.89
1202,雨,77.6,4.89
1203,食事,77.6,4.89
1204,魔法,77.6,4.89
1205,by,75.9,4.88
1206,dvd,75.9,4.88
1207,tv,75.9,4.88
1208,いら,75.9,4.88
1209,おき,75.9,4.88
1210,かかっ,75.9,4.88
1211,これら,75.9,4.88
1212,どういう,75.9,4.88
1213,に関して,75.9,4.88
1214,ソフト,75.9,4.88
1215,人物,75.9,4.88
1216,低,75.9,4.88
1217,反対,75.9,4.88
1218,名古屋,75.9,4.88
1219,客,75.9,4.88
1220,専用,75.9,4.88
1221,弁護士,75.9,4.88
1222,当,75.9,4.88
1223,意見,75.9,4.88
1224,成長,75.9,4.88
1225,指定,75.9,4.88
1226,採用,75.9,4.88
1227,機関,75.9,4.88
1228,無駄,75.9,4.88
1229,発,75.9,4.88
1230,箱,75.9,4.88
1231,若い,75.9,4.88
1232,製,75.9,4.88
1233,買い,75.9,4.88
1234,赤,75.9,4.88
1235,逮捕,75.9,4.88
1236,郡,75.9,4.88
1237,髪,75.9,4.88
1238,ど,74.1,4.87
1239,わたし,74.1,4.87
1240,スマホ,74.1,4.87
1241,パン,74.1,4.87
1242,ライン,74.1,4.87
1243,ロック,74.1,4.87
1244,予想,74.1,4.87
1245,今後,74.1,4.87
1246,伝え,74.1,4.87
1247,医療,74.1,4.87
1248,南,74.1,4.87
1249,命,74.1,4.87
1250,変化,74.1,4.87
1251,夫,74.1,4.87
1252,新聞,74.1,4.87
1253,特定,74.1,4.87
1254,男子,74.1,4.87
1255,知り,74.1,4.87
1256,編集,74.1,4.87
1257,聞き,74.1,4.87
1258,読む,74.1,4.87
1259,賞,74.1,4.87
1260,通信,74.1,4.87
1261,都,74.1,4.87
1262,集め,74.1,4.87
1263,高く,74.1,4.87
1264,さすが,72.4,4.86
1265,つく,72.4,4.86
1266,といった,72.4,4.86
1267,における,72.4,4.86
1268,ひとつ,72.4,4.86
1269,もらい,72.4,4.86
1270,よい,72.4,4.86
1271,オリジナル,72.4,4.86
1272,カップ,72.4,4.86
1273,テスト,72.4,4.86
1274,ド,72.4,4.86
1275,五,72.4,4.86
1276,制作,72.4,4.86
1277,壁,72.4,4.86
1278,大きい,72.4,4.86
1279,妹,72.4,4.86
1280,席,72.4,4.86
1281,掲載,72.4,4.86
1282,新た,72.4,4.86
1283,条件,72.4,4.86
1284,現場,72.4,4.86
1285,直接,72.4,4.86
1286,福岡,72.4,4.86
1287,耳,72.4,4.86
1288,観光,72.4,4.86
1289,cd,70.8,4.85
1290,co,70.8,4.85
1291,うまく,70.8,4.85
1292,けれど,70.8,4.85
1293,たま,70.8,4.85
1294,クラス,70.8,4.85
1295,コード,70.8,4.85
1296,ランキング,70.8,4.85
1297,レ,70.8,4.85
1298,凄い,70.8,4.85
1299,応援,70.8,4.85
1300,持ち,70.8,4.85
1301,枠,70.8,4.85
1302,治療,70.8,4.85
1303,法律,70.8,4.85
1304,破壊,70.8,4.85
1305,種類,70.8,4.85
1306,級,70.8,4.85
1307,あたり,69.2,4.84
1308,いくつ,69.2,4.84
1309,すでに,69.2,4.84
1310,それでも,69.2,4.84
1311,なさい,69.2,4.84
1312,はじめ,69.2,4.84
1313,もらえ,69.2,4.84
1314,゙,69.2,4.84
1315,ツアー,69.2,4.84
1316,プレイ,69.2,4.84
1317,ホント,69.2,4.84
1318,不安,69.2,4.84
1319,事務所,69.2,4.84
1320,使える,69.2,4.84
1321,動き,69.2,4.84
1322,取り,69.2,4.84
1323,含め,69.2,4.84
1324,小説,69.2,4.84
1325,局,69.2,4.84
1326,州,69.2,4.84
1327,年齢,69.2,4.84
1328,投票,69.2,4.84
1329,旅行,69.2,4.84
1330,機会,69.2,4.84
1331,活躍,69.2,4.84
1332,症,69.2,4.84
1333,美しい,69.2,4.84
1334,趣味,69.2,4.84
1335,隊,69.2,4.84
1336,離れ,69.2,4.84
1337,飲む,69.2,4.84
1338,ぇ,67.6,4.83
1339,おかしい,67.6,4.83
1340,おはよう,67.6,4.83
1341,おめでとう,67.6,4.83
1342,とる,67.6,4.83
1343,コーヒー,67.6,4.83
1344,テーマ,67.6,4.83
1345,トイレ,67.6,4.83
1346,ハイ,67.6,4.83
1347,プレゼント,67.6,4.83
1348,ユーザー,67.6,4.83
1349,丸,67.6,4.83
1350,代わり,67.6,4.83
1351,作ら,67.6,4.83
1352,勝利,67.6,4.83
1353,土,67.6,4.83
1354,地震,67.6,4.83
1355,失礼,67.6,4.83
1356,安定,67.6,4.83
1357,広告,67.6,4.83
1358,早い,67.6,4.83
1359,武器,67.6,4.83
1360,画面,67.6,4.83
1361,社長,67.6,4.83
1362,秋,67.6,4.83
1363,秘密,67.6,4.83
1364,胸,67.6,4.83
1365,装置,67.6,4.83
1366,複数,67.6,4.83
1367,論,67.6,4.83
1368,謎,67.6,4.83
1369,迎え,67.6,4.83
1370,連続,67.6,4.83
1371,都市,67.6,4.83
1372,馬鹿,67.6,4.83
1373,おかげ,66.1,4.82
1374,おっ,66.1,4.82
1375,だめ,66.1,4.82
1376,みよ,66.1,4.82
1377,やはり,66.1,4.82
1378,オレ,66.1,4.82
1379,サッカー,66.1,4.82
1380,例えば,66.1,4.82
1381,処理,66.1,4.82
1382,及び,66.1,4.82
1383,受ける,66.1,4.82
1384,常に,66.1,4.82
1385,捨て,66.1,4.82
1386,描い,66.1,4.82
1387,株式会社,66.1,4.82
1388,正しい,66.1,4.82
1389,満足,66.1,4.82
1390,生徒,66.1,4.82
1391,科,66.1,4.82
1392,笑っ,66.1,4.82
1393,米国,66.1,4.82
1394,紙,66.1,4.82
1395,練習,66.1,4.82
1396,費,66.1,4.82
1397,違っ,66.1,4.82
1398,食,66.1,4.82
1399,for,64.6,4.81
1400,mm,64.6,4.81
1401,あげる,64.6,4.81
1402,いずれ,64.6,4.81
1403,っぽい,64.6,4.81
1404,やっぱ,64.6,4.81
1405,ゆっくり,64.6,4.81
1406,ジョン,64.6,4.81
1407,スタート,64.6,4.81
1408,ママ,64.6,4.81
1409,メッセージ,64.6,4.81
1410,メディア,64.6,4.81
1411,メーカー,64.6,4.81
1412,主張,64.6,4.81
1413,会場,64.6,4.81
1414,会話,64.6,4.81
1415,作戦,64.6,4.81
1416,制,64.6,4.81
1417,加え,64.6,4.81
1418,同様,64.6,4.81
1419,団体,64.6,4.81
1420,定期,64.6,4.81
1421,導入,64.6,4.81
1422,市場,64.6,4.81
1423,弟,64.6,4.81
1424,杯,64.6,4.81
1425,様々,64.6,4.81
1426,横,64.6,4.81
1427,決まっ,64.6,4.81
1428,物語,64.6,4.81
1429,申し訳,64.6,4.81
1430,瞬間,64.6,4.81
1431,罪,64.6,4.81
1432,選ん,64.6,4.81
1433,電子,64.6,4.81
1434,電気,64.6,4.81
1435,いくら,63.1,4.8
1436,ぉ,63.1,4.8
1437,てん,63.1,4.8
1438,とにかく,63.1,4.8
1439,ふ,63.1,4.8
1440,コース,63.1,4.8
1441,ビル,63.1,4.8
1442,フランス,63.1,4.8
1443,ブラック,63.1,4.8
1444,会っ,63.1,4.8
1445,公演,63.1,4.8
1446,合,63.1,4.8
1447,地元,63.1,4.8
1448,報道,63.1,4.8
1449,変わる,63.1,4.8
1450,天,63.1,4.8
1451,小さい,63.1,4.8
1452,小さな,63.1,4.8
1453,川,63.1,4.8
1454,市民,63.1,4.8
1455,帰り,63.1,4.8
1456,感覚,63.1,4.8
1457,戻っ,63.1,4.8
1458,指導,63.1,4.8
1459,操作,63.1,4.8
1460,普段,63.1,4.8
1461,横浜,63.1,4.8
1462,現代,63.1,4.8
1463,禁止,63.1,4.8
1464,総,63.1,4.8
1465,自体,63.1,4.8
1466,遊び,63.1,4.8
1467,集,63.1,4.8
1468,首,63.1,4.8
1469,あるいは,61.7,4.79
1470,がっ,61.7,4.79
1471,べ,61.7,4.79
1472,アクセス,61.7,4.79
1473,サイズ,61.7,4.79
1474,スタイル,61.7,4.79
1475,バンド,61.7,4.79
1476,フリー,61.7,4.79
1477,メイン,61.7,4.79
1478,付い,61.7,4.79
1479,体験,61.7,4.79
1480,借り,61.7,4.79
1481,兄,61.7,4.79
1482,八,61.7,4.79
1483,冬,61.7,4.79
1484,売っ,61.7,4.79
1485,安,61.7,4.79
1486,安い,61.7,4.79
1487,平和,61.7,4.79
1488,広島,61.7,4.79
1489,思い出し,61.7,4.79
1490,最,61.7,4.79
1491,条,61.7,4.79
1492,機械,61.7,4.79
1493,殺し,61.7,4.79
1494,穴,61.7,4.79
1495,聞か,61.7,4.79
1496,舞台,61.7,4.79
1497,設置,61.7,4.79
1498,雰囲気,61.7,4.79
1499,頂き,61.7,4.79
1500,on,60.3,4.78
1501,z,60.3,4.78
1502,かしら,60.3,4.78
1503,すら,60.3,4.78
1504,そこで,60.3,4.78
1505,そろそろ,60.3,4.78
1506,っと,60.3,4.78
1507,なるほど,60.3,4.78
1508,ものの,60.3,4.78
1509,スマ,60.3,4.78
1510,信頼,60.3,4.78
1511,切れ,60.3,4.78
1512,勝ち,60.3,4.78
1513,募集,60.3,4.78
1514,半分,60.3,4.78
1515,友,60.3,4.78
1516,始まっ,60.3,4.78
1517,店舗,60.3,4.78
1518,感情,60.3,4.78
1519,批判,60.3,4.78
1520,既に,60.3,4.78
1521,旧,60.3,4.78
1522,業務,60.3,4.78
1523,業界,60.3,4.78
1524,無し,60.3,4.78
1525,発言,60.3,4.78
1526,相当,60.3,4.78
1527,相談,60.3,4.78
1528,維持,60.3,4.78
1529,表,60.3,4.78
1530,西,60.3,4.78
1531,要素,60.3,4.78
1532,視聴,60.3,4.78
1533,解説,60.3,4.78
1534,言える,60.3,4.78
1535,設計,60.3,4.78
1536,試験,60.3,4.78
1537,距離,60.3,4.78
1538,身体,60.3,4.78
1539,雑誌,60.3,4.78
1540,青,60.3,4.78
1541,id,58.9,4.77
1542,iphone,58.9,4.77
1543,is,58.9,4.77
1544,かつ,58.9,4.77
1545,こんなに,58.9,4.77
1546,せよ,58.9,4.77
1547,そ,58.9,4.77
1548,だし,58.9,4.77
1549,まったく,58.9,4.77
1550,オープン,58.9,4.77
1551,クラブ,58.9,4.77
1552,スター,58.9,4.77
1553,タイム,58.9,4.77
1554,リスト,58.9,4.77
1555,仕様,58.9,4.77
1556,公園,58.9,4.77
1557,努力,58.9,4.77
1558,同時に,58.9,4.77
1559,唯一,58.9,4.77
1560,城,58.9,4.77
1561,基準,58.9,4.77
1562,始める,58.9,4.77
1563,層,58.9,4.77
1564,得る,58.9,4.77
1565,復活,58.9,4.77
1566,性格,58.9,4.77
1567,提案,58.9,4.77
1568,最新,58.9,4.77
1569,東,58.9,4.77
1570,桜,58.9,4.77
1571,検査,58.9,4.77
1572,比べ,58.9,4.77
1573,沢山,58.9,4.77
1574,確実,58.9,4.77
1575,福島,58.9,4.77
1576,終わる,58.9,4.77
1577,編,58.9,4.77
1578,自ら,58.9,4.77
1579,製品,58.9,4.77
1580,見れ,58.9,4.77
1581,足り,58.9,4.77
1582,連れ,58.9,4.77
1583,http,57.5,4.76
1584,および,57.5,4.76
1585,ごめんなさい,57.5,4.76
1586,だい,57.5,4.76
1587,だら,57.5,4.76
1588,どんどん,57.5,4.76
1589,アイテム,57.5,4.76
1590,カラー,57.5,4.76
1591,ガス,57.5,4.76
1592,ボール,57.5,4.76
1593,レース,57.5,4.76
1594,ヾ,57.5,4.76
1595,世代,57.5,4.76
1596,以来,57.5,4.76
1597,余裕,57.5,4.76
1598,停止,57.5,4.76
1599,剣,57.5,4.76
1600,古い,57.5,4.76
1601,同士,57.5,4.76
1602,太,57.5,4.76
1603,家庭,57.5,4.76
1604,平均,57.5,4.76
1605,年代,57.5,4.76
1606,強,57.5,4.76
1607,後ろ,57.5,4.76
1608,指,57.5,4.76
1609,挑戦,57.5,4.76
1610,文,57.5,4.76
1611,書か,57.5,4.76
1612,構造,57.5,4.76
1613,権利,57.5,4.76
1614,目標,57.5,4.76
1615,知識,57.5,4.76
1616,立て,57.5,4.76
1617,続い,57.5,4.76
1618,続く,57.5,4.76
1619,逃げ,57.5,4.76
1620,間違っ,57.5,4.76
1621,雪,57.5,4.76
1622,あら,56.2,4.75
1623,いつか,56.2,4.75
1624,さっき,56.2,4.75
1625,ぜひ,56.2,4.75
1626,なれる,56.2,4.75
1627,ゆう,56.2,4.75
1628,アルバム,56.2,4.75
1629,キャラクター,56.2,4.75
1630,キー,56.2,4.75
1631,ファイル,56.2,4.75
1632,ベース,56.2,4.75
1633,マーク,56.2,4.75
1634,ラジオ,56.2,4.75
1635,不思議,56.2,4.75
1636,中央,56.2,4.75
1637,主人公,56.2,4.75
1638,保存,56.2,4.75
1639,保険,56.2,4.75
1640,優勝,56.2,4.75
1641,助け,56.2,4.75
1642,周辺,56.2,4.75
1643,団,56.2,4.75
1644,土地,56.2,4.75
1645,字,56.2,4.75
1646,実験,56.2,4.75
1647,対,56.2,4.75
1648,建物,56.2,4.75
1649,御,56.2,4.75
1650,急,56.2,4.75
1651,患者,56.2,4.75
1652,悪,56.2,4.75
1653,愛し,56.2,4.75
1654,支配,56.2,4.75
1655,残し,56.2,4.75
1656,民,56.2,4.75
1657,規模,56.2,4.75
1658,闇,56.2,4.75
1659,魂,56.2,4.75
1660,jr,55.0,4.74
1661,おら,55.0,4.74
1662,こんにちは,55.0,4.74
1663,さて,55.0,4.74
1664,しばらく,55.0,4.74
1665,そりゃ,55.0,4.74
1666,ただし,55.0,4.74
1667,なか,55.0,4.74
1668,アカウント,55.0,4.74
1669,エネルギー,55.0,4.74
1670,チャンス,55.0,4.74
1671,バレ,55.0,4.74
1672,ミ,55.0,4.74
1673,リアル,55.0,4.74
1674,ルール,55.0,4.74
1675,上がっ,55.0,4.74
1676,交通,55.0,4.74
1677,他人,55.0,4.74
1678,付,55.0,4.74
1679,低い,55.0,4.74
1680,住ん,55.0,4.74
1681,再生,55.0,4.74
1682,切っ,55.0,4.74
1683,博士,55.0,4.74
1684,取れ,55.0,4.74
1685,取得,55.0,4.74
1686,含ま,55.0,4.74
1687,回復,55.0,4.74
1688,姫,55.0,4.74
1689,子ども,55.0,4.74
1690,実行,55.0,4.74
1691,引き,55.0,4.74
1692,恋愛,55.0,4.74
1693,戦闘,55.0,4.74
1694,政策,55.0,4.74
1695,様子,55.0,4.74
1696,次第,55.0,4.74
1697,殺人,55.0,4.74
1698,爆発,55.0,4.74
1699,界,55.0,4.74
1700,病気,55.0,4.74
1701,痛い,55.0,4.74
1702,続き,55.0,4.74
1703,総合,55.0,4.74
1704,長く,55.0,4.74
1705,面倒,55.0,4.74
1706,類,55.0,4.74
1707,館,55.0,4.74
1708,av,53.7,4.73
1709,おれ,53.7,4.73
1710,お互い,53.7,4.73
1711,かっ,53.7,4.73
1712,きれい,53.7,4.73
1713,さま,53.7,4.73
1714,どうして,53.7,4.73
1715,にくい,53.7,4.73
1716,ひ,53.7,4.73
1717,まさに,53.7,4.73
1718,もらえる,53.7,4.73
1719,やっと,53.7,4.73
1720,わか,53.7,4.73
1721,ケース,53.7,4.73
1722,ステージ,53.7,4.73
1723,バック,53.7,4.73
1724,パンツ,53.7,4.73
1725,ビジネス,53.7,4.73
1726,プログラム,53.7,4.73
1727,リリース,53.7,4.73
1728,休み,53.7,4.73
1729,値段,53.7,4.73
1730,別に,53.7,4.73
1731,取る,53.7,4.73
1732,呼ぶ,53.7,4.73
1733,変わら,53.7,4.73
1734,尻,53.7,4.73
1735,工事,53.7,4.73
1736,工場,53.7,4.73
1737,我慢,53.7,4.73
1738,段階,53.7,4.73
1739,激,53.7,4.73
1740,獣,53.7,4.73
1741,突然,53.7,4.73
1742,美味しい,53.7,4.73
1743,葉,53.7,4.73
1744,血,53.7,4.73
1745,行い,53.7,4.73
1746,起こし,53.7,4.73
1747,週,53.7,4.73
1748,進め,53.7,4.73
1749,com,52.5,4.72
1750,q,52.5,4.72
1751,web,52.5,4.72
1752,youtube,52.5,4.72
1753,お話,52.5,4.72
1754,かね,52.5,4.72
1755,それら,52.5,4.72
1756,ちょうど,52.5,4.72
1757,つける,52.5,4.72
1758,まさか,52.5,4.72
1759,イラスト,52.5,4.72
1760,シャツ,52.5,4.72
1761,ストーリー,52.5,4.72
1762,ゼロ,52.5,4.72
1763,ダンス,52.5,4.72
1764,バー,52.5,4.72
1765,ベッド,52.5,4.72
1766,ラーメン,52.5,4.72
1767,一体,52.5,4.72
1768,働い,52.5,4.72
1769,剤,52.5,4.72
1770,午後,52.5,4.72
1771,基地,52.5,4.72
1772,声優,52.5,4.72
1773,女優,52.5,4.72
1774,姉,52.5,4.72
1775,帯,52.5,4.72
1776,扱い,52.5,4.72
1777,支持,52.5,4.72
1778,教授,52.5,4.72
1779,料,52.5,4.72
1780,昭和,52.5,4.72
1781,本来,52.5,4.72
1782,残り,52.5,4.72
1783,気づい,52.5,4.72
1784,注目,52.5,4.72
1785,消し,52.5,4.72
1786,無事,52.5,4.72
1787,異常,52.5,4.72
1788,知る,52.5,4.72
1789,立っ,52.5,4.72
1790,致し,52.5,4.72
1791,要求,52.5,4.72
1792,証明,52.5,4.72
1793,認識,52.5,4.72
1794,開い,52.5,4.72
1795,集中,52.5,4.72
1796,魅力,52.5,4.72
1797,my,51.3,4.71
1798,おけ,51.3,4.71
1799,こい,51.3,4.71
1800,ずつ,51.3,4.71
1801,とともに,51.3,4.71
1802,ひどい,51.3,4.71
1803,もと,51.3,4.71
1804,ブロック,51.3,4.71
1805,人達,51.3,4.71
1806,依頼,51.3,4.71
1807,兄弟,51.3,4.71
1808,刑事,51.3,4.71
1809,園,51.3,4.71
1810,安倍,51.3,4.71
1811,完了,51.3,4.71
1812,実現,51.3,4.71
1813,放題,51.3,4.71
1814,政権,51.3,4.71
1815,新宿,51.3,4.71
1816,是非,51.3,4.71
1817,更に,51.3,4.71
1818,本物,51.3,4.71
1819,案内,51.3,4.71
1820,検討,51.3,4.71
1821,構成,51.3,4.71
1822,死亡,51.3,4.71
1823,母親,51.3,4.71
1824,異なる,51.3,4.71
1825,空気,51.3,4.71
1826,立場,51.3,4.71
1827,納得,51.3,4.71
1828,脚,51.3,4.71
1829,腕,51.3,4.71
1830,製造,51.3,4.71
1831,詐欺,51.3,4.71
1832,速,51.3,4.71
1833,魚,51.3,4.71
1834,いわ,50.1,4.7
1835,すみません,50.1,4.7
1836,エッチ,50.1,4.7
1837,エンジン,50.1,4.7
1838,デビュー,50.1,4.7
1839,ヤバ,50.1,4.7
1840,ワン,50.1,4.7
1841,人類,50.1,4.7
1842,作成,50.1,4.7
1843,内部,50.1,4.7
1844,到着,50.1,4.7
1845,収録,50.1,4.7
1846,含む,50.1,4.7
1847,固定,50.1,4.7
1848,太郎,50.1,4.7
1849,始まる,50.1,4.7
1850,学園,50.1,4.7
1851,守る,50.1,4.7
1852,将来,50.1,4.7
1853,手段,50.1,4.7
1854,技,50.1,4.7
1855,指摘,50.1,4.7
1856,授業,50.1,4.7
1857,末,50.1,4.7
1858,業,50.1,4.7
1859,楽天,50.1,4.7
1860,歩い,50.1,4.7
1861,死に,50.1,4.7
1862,毛,50.1,4.7
1863,確保,50.1,4.7
1864,税,50.1,4.7
1865,腹,50.1,4.7
1866,許さ,50.1,4.7
1867,詳しく,50.1,4.7
1868,返し,50.1,4.7
1869,連中,50.1,4.7
1870,銃,50.1,4.7
1871,開け,50.1,4.7
1872,隣,50.1,4.7
1873,集団,50.1,4.7
1874,鳥,50.1,4.7
1875,line,49.0,4.69
1876,vs,49.0,4.69
1877,■,49.0,4.69
1878,げ,49.0,4.69
1879,それで,49.0,4.69
1880,たん,49.0,4.69
1881,つき,49.0,4.69
1882,まずは,49.0,4.69
1883,もしくは,49.0,4.69
1884,クリア,49.0,4.69
1885,シングル,49.0,4.69
1886,フル,49.0,4.69
1887,プロジェクト,49.0,4.69
1888,ロボット,49.0,4.69
1889,一覧,49.0,4.69
1890,上手く,49.0,4.69
1891,会員,49.0,4.69
1892,便,49.0,4.69
1893,便利,49.0,4.69
1894,信用,49.0,4.69
1895,券,49.0,4.69
1896,困っ,49.0,4.69
1897,地獄,49.0,4.69
1898,始まり,49.0,4.69
1899,恋人,49.0,4.69
1900,捜査,49.0,4.69
1901,板,49.0,4.69
1902,歩,49.0,4.69
1903,比較,49.0,4.69
1904,派遣,49.0,4.69
1905,演奏,49.0,4.69
1906,父親,49.0,4.69
1907,玉,49.0,4.69
1908,病,49.0,4.69
1909,知れ,49.0,4.69
1910,社員,49.0,4.69
1911,裁判,49.0,4.69
1912,証拠,49.0,4.69
1913,誌,49.0,4.69
1914,調子,49.0,4.69
1915,資金,49.0,4.69
1916,選,49.0,4.69
1917,風呂,49.0,4.69
1918,go,47.9,4.68
1919,url,47.9,4.68
1920,あんな,47.9,4.68
1921,いろんな,47.9,4.68
1922,すげ,47.9,4.68
1923,すん,47.9,4.68
1924,とけ,47.9,4.68
1925,と共に,47.9,4.68
1926,なくなっ,47.9,4.68
1927,まくっ,47.9,4.68
1928,まるで,47.9,4.68
1929,インターネット,47.9,4.68
1930,タイ,47.9,4.68
1931,ダム,47.9,4.68
1932,パ,47.9,4.68
1933,ビデオ,47.9,4.68
1934,ベスト,47.9,4.68
1935,ホ,47.9,4.68
1936,ボタン,47.9,4.68
1937,ミス,47.9,4.68
1938,モノ,47.9,4.68
1939,伝説,47.9,4.68
1940,修正,47.9,4.68
1941,分析,47.9,4.68
1942,初期,47.9,4.68
1943,千葉,47.9,4.68
1944,居る,47.9,4.68
1945,年度,47.9,4.68
1946,強化,47.9,4.68
1947,感想,47.9,4.68
1948,感染,47.9,4.68
1949,我々,47.9,4.68
1950,掛け,47.9,4.68
1951,探す,47.9,4.68
1952,書き,47.9,4.68
1953,法人,47.9,4.68
1954,深夜,47.9,4.68
1955,温泉,47.9,4.68
1956,無く,47.9,4.68
1957,熱,47.9,4.68
1958,画,47.9,4.68
1959,皆様,47.9,4.68
1960,範囲,47.9,4.68
1961,緑,47.9,4.68
1962,自信,47.9,4.68
1963,自動車,47.9,4.68
1964,自殺,47.9,4.68
1965,迷惑,47.9,4.68
1966,運,47.9,4.68
1967,道路,47.9,4.68
1968,達成,47.9,4.68
1969,関西,47.9,4.68
1970,live,46.8,4.67
1971,あいつ,46.8,4.67
1972,おいしい,46.8,4.67
1973,おすすめ,46.8,4.67
1974,そもそも,46.8,4.67
1975,とい,46.8,4.67
1976,とく,46.8,4.67
1977,もう少し,46.8,4.67
1978,よー,46.8,4.67
1979,イン,46.8,4.67
1980,キス,46.8,4.67
1981,タイミング,46.8,4.67
1982,ツイート,46.8,4.67
1983,デジタル,46.8,4.67
1984,デート,46.8,4.67
1985,バイト,46.8,4.67
1986,パワー,46.8,4.67
1987,ビール,46.8,4.67
1988,与える,46.8,4.67
1989,事前,46.8,4.67
1990,出身,46.8,4.67
1991,前回,46.8,4.67
1992,劇場,46.8,4.67
1993,収入,46.8,4.67
1994,向かっ,46.8,4.67
1995,慣れ,46.8,4.67
1996,投資,46.8,4.67
1997,拡大,46.8,4.67
1998,改善,46.8,4.67
1999,暮らし,46.8,4.67
2000,書く,46.8,4.67
2001,最低,46.8,4.67
2002,歓迎,46.8,4.67
2003,気軽,46.8,4.67
2004,済み,46.8,4.67
2005,無かっ,46.8,4.67
2006,現れ,46.8,4.67
2007,目指し,46.8,4.67
2008,窓,46.8,4.67
2009,約束,46.8,4.67
2010,自転車,46.8,4.67
2011,草,46.8,4.67
2012,落とし,46.8,4.67
2013,計算,46.8,4.67
2014,訓練,46.8,4.67
2015,資料,46.8,4.67
2016,連載,46.8,4.67
2017,進化,46.8,4.67
2018,院,46.8,4.67
2019,首相,46.8,4.67
2020,かける,45.7,4.66
2021,かつて,45.7,4.66
2022,そっち,45.7,4.66
2023,ついに,45.7,4.66
2024,はっきり,45.7,4.66
2025,ひと,45.7,4.66
2026,まだまだ,45.7,4.66
2027,イカ,45.7,4.66
2028,イギリス,45.7,4.66
2029,オリンピック,45.7,4.66
2030,ブランド,45.7,4.66
2031,一切,45.7,4.66
2032,七,45.7,4.66
2033,不足,45.7,4.66
2034,世紀,45.7,4.66
2035,両,45.7,4.66
2036,久しぶり,45.7,4.66
2037,事態,45.7,4.66
2038,以内,45.7,4.66
2039,何で,45.7,4.66
2040,候補,45.7,4.66
2041,六,45.7,4.66
2042,原作,45.7,4.66
2043,合う,45.7,4.66
2044,変える,45.7,4.66
2045,好み,45.7,4.66
2046,押し,45.7,4.66
2047,掃除,45.7,4.66
2048,接続,45.7,4.66
2049,教師,45.7,4.66
2050,日常,45.7,4.66
2051,省,45.7,4.66
2052,確定,45.7,4.66
2053,空間,45.7,4.66
2054,立ち,45.7,4.66
2055,筋,45.7,4.66
2056,職場,45.7,4.66
2057,興奮,45.7,4.66
2058,規制,45.7,4.66
2059,説,45.7,4.66
2060,辛い,45.7,4.66
2061,進ん,45.7,4.66
2062,遅れ,45.7,4.66
2063,at,44.7,4.65
2064,km,44.7,4.65
2065,なんとか,44.7,4.65
2066,ひとり,44.7,4.65
2067,ぶっ,44.7,4.65
2068,カバー,44.7,4.65
2069,キャンペーン,44.7,4.65
2070,シーズン,44.7,4.65
2071,ストレス,44.7,4.65
2072,ドラゴン,44.7,4.65
2073,パソコン,44.7,4.65
2074,ブラ,44.7,4.65
2075,ホーム,44.7,4.65
2076,ボス,44.7,4.65
2077,ヤツ,44.7,4.65
2078,ライト,44.7,4.65
2079,交渉,44.7,4.65
2080,住民,44.7,4.65
2081,再び,44.7,4.65
2082,合っ,44.7,4.65
2083,噂,44.7,4.65
2084,天使,44.7,4.65
2085,実,44.7,4.65
2086,小学校,44.7,4.65
2087,展示,44.7,4.65
2088,後半,44.7,4.65
2089,所有,44.7,4.65
2090,抜け,44.7,4.65
2091,搭載,44.7,4.65
2092,新作,44.7,4.65
2093,最悪,44.7,4.65
2094,模様,44.7,4.65
2095,殺さ,44.7,4.65
2096,産業,44.7,4.65
2097,祭り,44.7,4.65
2098,細胞,44.7,4.65
2099,肌,44.7,4.65
2100,背景,44.7,4.65
2101,行,44.7,4.65
2102,言語,44.7,4.65
2103,質,44.7,4.65
2104,近所,44.7,4.65
2105,閲覧,44.7,4.65
2106,ps,43.7,4.64
2107,あん,43.7,4.64
2108,あんまり,43.7,4.64
2109,おじさん,43.7,4.64
2110,ころ,43.7,4.64
2111,ちん,43.7,4.64
2112,むしろ,43.7,4.64
2113,オススメ,43.7,4.64
2114,ゴミ,43.7,4.64
2115,トラック,43.7,4.64
2116,ドン,43.7,4.64
2117,ポ,43.7,4.64
2118,モード,43.7,4.64
2119,ロ,43.7,4.64
2120,伝統,43.7,4.64
2121,優先,43.7,4.64
2122,先輩,43.7,4.64
2123,党,43.7,4.64
2124,処分,43.7,4.64
2125,分野,43.7,4.64
2126,医師,43.7,4.64
2127,図,43.7,4.64
2128,宗教,43.7,4.64
2129,寝る,43.7,4.64
2130,巨大,43.7,4.64
2131,投げ,43.7,4.64
2132,持た,43.7,4.64
2133,最強,43.7,4.64
2134,渋谷,43.7,4.64
2135,生命,43.7,4.64
2136,男女,43.7,4.64
2137,示し,43.7,4.64
2138,緊急,43.7,4.64
2139,許可,43.7,4.64
2140,通っ,43.7,4.64
2141,靴,43.7,4.64
2142,高速,43.7,4.64
2143,鬼,43.7,4.64
2144,〇,42.7,4.63
2145,あろ,42.7,4.63
2146,いける,42.7,4.63
2147,うまい,42.7,4.63
2148,うーん,42.7,4.63
2149,ご覧,42.7,4.63
2150,たった,42.7,4.63
2151,だれ,42.7,4.63
2152,どうも,42.7,4.63
2153,やすく,42.7,4.63
2154,キロ,42.7,4.63
2155,テロ,42.7,4.63
2156,ニューヨーク,42.7,4.63
2157,ヒット,42.7,4.63
2158,リスク,42.7,4.63
2159,ロー,42.7,4.63
2160,中身,42.7,4.63
2161,事情,42.7,4.63
2162,交流,42.7,4.63
2163,人口,42.7,4.63
2164,共,42.7,4.63
2165,利益,42.7,4.63
2166,受け入れ,42.7,4.63
2167,地下,42.7,4.63
2168,大臣,42.7,4.63
2169,宣伝,42.7,4.63
2170,小学生,42.7,4.63
2171,帰る,42.7,4.63
2172,建設,42.7,4.63
2173,当たり前,42.7,4.63
2174,本日,42.7,4.63
2175,正確,42.7,4.63
2176,減っ,42.7,4.63
2177,物質,42.7,4.63
2178,獲得,42.7,4.63
2179,痛み,42.7,4.63
2180,相,42.7,4.63
2181,記者,42.7,4.63
2182,認定,42.7,4.63
2183,調整,42.7,4.63
2184,過ぎる,42.7,4.63
2185,電,42.7,4.63
2186,me,41.7,4.62
2187,あまりに,41.7,4.62
2188,いきなり,41.7,4.62
2189,お腹,41.7,4.62
2190,くそ,41.7,4.62
2191,びっくり,41.7,4.62
2192,めっちゃ,41.7,4.62
2193,ゆ,41.7,4.62
2194,インタビュー,41.7,4.62
2195,ダイエット,41.7,4.62
2196,パーティー,41.7,4.62
2197,ワロタ,41.7,4.62
2198,世,41.7,4.62
2199,住宅,41.7,4.62
2200,優しい,41.7,4.62
2201,副,41.7,4.62
2202,単位,41.7,4.62
2203,増加,41.7,4.62
2204,少なくとも,41.7,4.62
2205,届け,41.7,4.62
2206,建築,41.7,4.62
2207,心理,41.7,4.62
2208,手術,41.7,4.62
2209,書籍,41.7,4.62
2210,株,41.7,4.62
2211,楽しく,41.7,4.62
2212,次元,41.7,4.62
2213,求める,41.7,4.62
2214,深い,41.7,4.62
2215,無視,41.7,4.62
2216,状,41.7,4.62
2217,生きる,41.7,4.62
2218,章,41.7,4.62
2219,笑顔,41.7,4.62
2220,継続,41.7,4.62
2221,美人,41.7,4.62
2222,角,41.7,4.62
2223,触れ,41.7,4.62
2224,諦め,41.7,4.62
2225,議論,41.7,4.62
2226,資格,41.7,4.62
2227,運用,41.7,4.62
2228,邪魔,41.7,4.62
2229,部隊,41.7,4.62
2230,銀,41.7,4.62
2231,間違え,41.7,4.62
2232,限ら,41.7,4.62
2233,隠し,41.7,4.62
2234,額,41.7,4.62
2235,駄目,41.7,4.62
2236,龍,41.7,4.62
2237,or,40.7,4.61
2238,そば,40.7,4.61
2239,っす,40.7,4.61
2240,ほ,40.7,4.61
2241,ぽ,40.7,4.61
2242,エリア,40.7,4.61
2243,ガ,40.7,4.61
2244,コス,40.7,4.61
2245,サポート,40.7,4.61
2246,ショー,40.7,4.61
2247,バランス,40.7,4.61
2248,レッド,40.7,4.61
2249,両方,40.7,4.61
2250,中止,40.7,4.61
2251,優秀,40.7,4.61
2252,出会っ,40.7,4.61
2253,出版,40.7,4.61
2254,分け,40.7,4.61
2255,卵,40.7,4.61
2256,厳しい,40.7,4.61
2257,台湾,40.7,4.61
2258,和,40.7,4.61
2259,埼玉,40.7,4.61
2260,壊れ,40.7,4.61
2261,太陽,40.7,4.61
2262,府,40.7,4.61
2263,座,40.7,4.61
2264,弱い,40.7,4.61
2265,得意,40.7,4.61
2266,思い出,40.7,4.61
2267,悪魔,40.7,4.61
2268,新規,40.7,4.61
2269,核,40.7,4.61
2270,業者,40.7,4.61
2271,残る,40.7,4.61
2272,演出,40.7,4.61
2273,牛,40.7,4.61
2274,発展,40.7,4.61
2275,翻訳,40.7,4.61
2276,記載,40.7,4.61
2277,話す,40.7,4.61
2278,語っ,40.7,4.61
2279,送料,40.7,4.61
2280,速度,40.7,4.61
2281,遊ん,40.7,4.61
2282,過ごし,40.7,4.61
2283,選ば,40.7,4.61
2284,飛ん,40.7,4.61
2285,amazon,39.8,4.6
2286,japan,39.8,4.6
2287,love,39.8,4.6
2288,あぁ,39.8,4.6
2289,あたし,39.8,4.6
2290,では,39.8,4.6
2291,みなさん,39.8,4.6
2292,アジア,39.8,4.6
2293,カレー,39.8,4.6
2294,チン,39.8,4.6
2295,ブルー,39.8,4.6
2296,マスター,39.8,4.6
2297,マンガ,39.8,4.6
2298,二つ,39.8,4.6
2299,任せ,39.8,4.6
2300,何故,39.8,4.6
2301,使い方,39.8,4.6
2302,傾向,39.8,4.6
2303,働く,39.8,4.6
2304,初め,39.8,4.6
2305,制御,39.8,4.6
2306,前後,39.8,4.6
2307,午前,39.8,4.6
2308,喜ん,39.8,4.6
2309,圏,39.8,4.6
2310,大型,39.8,4.6
2311,巨人,39.8,4.6
2312,抵抗,39.8,4.6
2313,撮っ,39.8,4.6
2314,毎年,39.8,4.6
2315,比,39.8,4.6
2316,王子,39.8,4.6
2317,疑問,39.8,4.6
2318,神奈川,39.8,4.6
2319,程,39.8,4.6
2320,経,39.8,4.6
2321,繰り返し,39.8,4.6
2322,聞こえ,39.8,4.6
2323,自宅,39.8,4.6
2324,臭い,39.8,4.6
2325,苦手,39.8,4.6
2326,走っ,39.8,4.6
2327,述べ,39.8,4.6
2328,選ぶ,39.8,4.6
2329,避け,39.8,4.6
2330,魔,39.8,4.6
2331,鼻,39.8,4.6
2332,be,38.9,4.59
2333,new,38.9,4.59
2334,だが,38.9,4.59
2335,に対し,38.9,4.59
2336,やり方,38.9,4.59
2337,オンライン,38.9,4.59
2338,スト,38.9,4.59
2339,ノー,38.9,4.59
2340,バイク,38.9,4.59
2341,バージョン,38.9,4.59
2342,ミニ,38.9,4.59
2343,リーダー,38.9,4.59
2344,体制,38.9,4.59
2345,兵器,38.9,4.59
2346,出せ,38.9,4.59
2347,危機,38.9,4.59
2348,即,38.9,4.59
2349,妄想,38.9,4.59
2350,安く,38.9,4.59
2351,山田,38.9,4.59
2352,当たり,38.9,4.59
2353,待ち,38.9,4.59
2354,悲しい,38.9,4.59
2355,撮り,38.9,4.59
2356,段,38.9,4.59
2357,注文,38.9,4.59
2358,独自,38.9,4.59
2359,生物,38.9,4.59
2360,産,38.9,4.59
2361,発行,38.9,4.59
2362,監視,38.9,4.59
2363,目指す,38.9,4.59
2364,確率,38.9,4.59
2365,神経,38.9,4.59
2366,職,38.9,4.59
2367,診断,38.9,4.59
2368,身長,38.9,4.59
2369,野菜,38.9,4.59
2370,防衛,38.9,4.59
2371,いただい,38.0,4.58
2372,おまえ,38.0,4.58
2373,お母さん,38.0,4.58
2374,がる,38.0,4.58
2375,きっかけ,38.0,4.58
2376,くせ,38.0,4.58
2377,さぁ,38.0,4.58
2378,だらけ,38.0,4.58
2379,イタリア,38.0,4.58
2380,ケーキ,38.0,4.58
2381,コンビニ,38.0,4.58
2382,スーツ,38.0,4.58
2383,ドア,38.0,4.58
2384,ワイン,38.0,4.58
2385,上手,38.0,4.58
2386,乳,38.0,4.58
2387,共通,38.0,4.58
2388,具体,38.0,4.58
2389,別れ,38.0,4.58
2390,動い,38.0,4.58
2391,動く,38.0,4.58
2392,勝っ,38.0,4.58
2393,台風,38.0,4.58
2394,否定,38.0,4.58
2395,回転,38.0,4.58
2396,塩,38.0,4.58
2397,多かっ,38.0,4.58
2398,将軍,38.0,4.58
2399,少なく,38.0,4.58
2400,崩壊,38.0,4.58
2401,強制,38.0,4.58
2402,当選,38.0,4.58
2403,感動,38.0,4.58
2404,憲法,38.0,4.58
2405,指示,38.0,4.58
2406,教会,38.0,4.58
2407,本格,38.0,4.58
2408,橋,38.0,4.58
2409,歯,38.0,4.58
2410,汗,38.0,4.58
2411,涙,38.0,4.58
2412,炎,38.0,4.58
2413,特殊,38.0,4.58
2414,現地,38.0,4.58
2415,神戸,38.0,4.58
2416,美少女,38.0,4.58
2417,職員,38.0,4.58
2418,術,38.0,4.58
2419,装備,38.0,4.58
2420,負担,38.0,4.58
2421,貴方,38.0,4.58
2422,酷い,38.0,4.58
2423,骨,38.0,4.58
2424,sns,37.2,4.57
2425,vol,37.2,4.57
2426,with,37.2,4.57
2427,うれしい,37.2,4.57
2428,ご飯,37.2,4.57
2429,そのもの,37.2,4.57
2430,ってな,37.2,4.57
2431,とっても,37.2,4.57
2432,どうしても,37.2,4.57
2433,やばい,37.2,4.57
2434,らしく,37.2,4.57
2435,アレ,37.2,4.57
2436,オタク,37.2,4.57
2437,オフィス,37.2,4.57
2438,カット,37.2,4.57
2439,カフェ,37.2,4.57
2440,カー,37.2,4.57
2441,クリスマス,37.2,4.57
2442,グッズ,37.2,4.57
2443,コレ,37.2,4.57
2444,パターン,37.2,4.57
2445,プレ,37.2,4.57
2446,一生,37.2,4.57
2447,上司,37.2,4.57
2448,今夜,37.2,4.57
2449,体重,37.2,4.57
2450,共同,37.2,4.57
2451,剛,37.2,4.57
2452,去年,37.2,4.57
2453,命令,37.2,4.57
2454,奴隷,37.2,4.57
2455,床,37.2,4.57
2456,当日,37.2,4.57
2457,怒り,37.2,4.57
2458,戦略,37.2,4.57
2459,案,37.2,4.57
2460,熊本,37.2,4.57
2461,理想,37.2,4.57
2462,甘い,37.2,4.57
2463,空港,37.2,4.57
2464,袋,37.2,4.57
2465,見た目,37.2,4.57
2466,豚,37.2,4.57
2467,違反,37.2,4.57
2468,都合,37.2,4.57
2469,鍵,37.2,4.57
2470,関東,37.2,4.57
2471,食品,37.2,4.57
2472,jp,36.3,4.56
2473,えー,36.3,4.56
2474,かっこいい,36.3,4.56
2475,それとも,36.3,4.56
2476,たび,36.3,4.56
2477,ねん,36.3,4.56
2478,アリ,36.3,4.56
2479,インド,36.3,4.56
2480,ゲスト,36.3,4.56
2481,ジャンル,36.3,4.56
2482,ダウンロード,36.3,4.56
2483,モンスター,36.3,4.56
2484,人数,36.3,4.56
2485,会う,36.3,4.56
2486,会え,36.3,4.56
2487,匂い,36.3,4.56
2488,協会,36.3,4.56
2489,単純,36.3,4.56
2490,困難,36.3,4.56
2491,垢,36.3,4.56
2492,大き,36.3,4.56
2493,性能,36.3,4.56
2494,拒否,36.3,4.56
2495,新潟,36.3,4.56
2496,札幌,36.3,4.56
2497,独立,36.3,4.56
2498,理論,36.3,4.56
2499,真実,36.3,4.56
2500,積極,36.3,4.56
2501,素材,36.3,4.56
2502,虫,36.3,4.56
2503,見かけ,36.3,4.56
2504,解放,36.3,4.56
2505,許し,36.3,4.56
2506,貰っ,36.3,4.56
2507,赤ちゃん,36.3,4.56
2508,輪,36.3,4.56
2509,辞め,36.3,4.56
2510,適当,36.3,4.56
2511,金融,36.3,4.56
2512,鏡,36.3,4.56
2513,関心,36.3,4.56
2514,all,35.5,4.55
2515,bot,35.5,4.55
2516,windows,35.5,4.55
2517,◆,35.5,4.55
2518,かん,35.5,4.55
2519,たっ,35.5,4.55
2520,ども,35.5,4.55
2521,サイド,35.5,4.55
2522,スキル,35.5,4.55
2523,チャンネル,35.5,4.55
2524,ツイッター,35.5,4.55
2525,トン,35.5,4.55
2526,ニュー,35.5,4.55
2527,マイ,35.5,4.55
2528,ランク,35.5,4.55
2529,ロード,35.5,4.55
2530,上位,35.5,4.55
2531,不可能,35.5,4.55
2532,九,35.5,4.55
2533,予算,35.5,4.55
2534,会長,35.5,4.55
2535,伝,35.5,4.55
2536,作家,35.5,4.55
2537,保証,35.5,4.55
2538,備え,35.5,4.55
2539,公,35.5,4.55
2540,兵,35.5,4.55
2541,列,35.5,4.55
2542,匹,35.5,4.55
2543,取ら,35.5,4.55
2544,取材,35.5,4.55
2545,困る,35.5,4.55
2546,学習,35.5,4.55
2547,完璧,35.5,4.55
2548,容疑,35.5,4.55
2549,役割,35.5,4.55
2550,後悔,35.5,4.55
2551,挨拶,35.5,4.55
2552,正義,35.5,4.55
2553,決して,35.5,4.55
2554,災害,35.5,4.55
2555,真面目,35.5,4.55
2556,肩,35.5,4.55
2557,自,35.5,4.55
2558,落ち着い,35.5,4.55
2559,衝撃,35.5,4.55
2560,課題,35.5,4.55
2561,避難,35.5,4.55
2562,野郎,35.5,4.55
2563,面白,35.5,4.55
2564,革命,35.5,4.55
2565,hp,34.7,4.54
2566,up,34.7,4.54
2567,あらゆる,34.7,4.54
2568,おそらく,34.7,4.54
2569,お待ち,34.7,4.54
2570,がち,34.7,4.54
2571,すき,34.7,4.54
2572,ばっかり,34.7,4.54
2573,イヤ,34.7,4.54
2574,ガチ,34.7,4.54
2575,コピー,34.7,4.54
2576,コンテンツ,34.7,4.54
2577,コーナー,34.7,4.54
2578,サイン,34.7,4.54
2579,トーク,34.7,4.54
2580,プレイヤー,34.7,4.54
2581,ロンドン,34.7,4.54
2582,佐藤,34.7,4.54
2583,何とか,34.7,4.54
2584,勤務,34.7,4.54
2585,医,34.7,4.54
2586,同意,34.7,4.54
2587,向こう,34.7,4.54
2588,地区,34.7,4.54
2589,売れ,34.7,4.54
2590,天才,34.7,4.54
2591,天気,34.7,4.54
2592,奴ら,34.7,4.54
2593,実況,34.7,4.54
2594,寒い,34.7,4.54
2595,展,34.7,4.54
2596,彩,34.7,4.54
2597,影,34.7,4.54
2598,彼氏,34.7,4.54
2599,恐怖,34.7,4.54
2600,愛知,34.7,4.54
2601,整備,34.7,4.54
2602,暇,34.7,4.54
2603,有効,34.7,4.54
2604,標準,34.7,4.54
2605,決める,34.7,4.54
2606,流し,34.7,4.54
2607,深,34.7,4.54
2608,特集,34.7,4.54
2609,白い,34.7,4.54
2610,終わら,34.7,4.54
2611,育て,34.7,4.54
2612,育成,34.7,4.54
2613,芸術,34.7,4.54
2614,行ける,34.7,4.54
2615,解散,34.7,4.54
2616,車両,34.7,4.54
2617,込ん,34.7,4.54
2618,頼む,34.7,4.54
2619,驚き,34.7,4.54
2620,高校生,34.7,4.54
2621,one,33.9,4.53
2622,this,33.9,4.53
2623,ありがと,33.9,4.53
2624,アホ,33.9,4.53
2625,スペシャル,33.9,4.53
2626,スペース,33.9,4.53
2627,ダメージ,33.9,4.53
2628,ポスト,33.9,4.53
2629,マシン,33.9,4.53
2630,レイ,33.9,4.53
2631,一時,33.9,4.53
2632,一瞬,33.9,4.53
2633,世の中,33.9,4.53
2634,世界中,33.9,4.53
2635,両親,33.9,4.53
2636,今週,33.9,4.53
2637,働き,33.9,4.53
2638,元々,33.9,4.53
2639,加工,33.9,4.53
2640,参戦,33.9,4.53
2641,反,33.9,4.53
2642,史,33.9,4.53
2643,向い,33.9,4.53
2644,売り,33.9,4.53
2645,妊娠,33.9,4.53
2646,審査,33.9,4.53
2647,山口,33.9,4.53
2648,平,33.9,4.53
2649,建て,33.9,4.53
2650,怒ら,33.9,4.53
2651,戦う,33.9,4.53
2652,招待,33.9,4.53
2653,教室,33.9,4.53
2654,植物,33.9,4.53
2655,殺す,33.9,4.53
2656,殺害,33.9,4.53
2657,毎回,33.9,4.53
2658,波,33.9,4.53
2659,流,33.9,4.53
2660,焼き,33.9,4.53
2661,特典,33.9,4.53
2662,現,33.9,4.53
2663,用い,33.9,4.53
2664,異,33.9,4.53
2665,看護,33.9,4.53
2666,義務,33.9,4.53
2667,聖,33.9,4.53
2668,職業,33.9,4.53
2669,複雑,33.9,4.53
2670,視,33.9,4.53
2671,赤い,33.9,4.53
2672,起きる,33.9,4.53
2673,起こっ,33.9,4.53
2674,通,33.9,4.53
2675,運命,33.9,4.53
2676,食べ物,33.9,4.53
2677,やめろ,33.1,4.52
2678,グリーン,33.1,4.52
2679,コミック,33.1,4.52
2680,ショップ,33.1,4.52
2681,タグ,33.1,4.52
2682,トラブル,33.1,4.52
2683,バトル,33.1,4.52
2684,パリ,33.1,4.52
2685,リア,33.1,4.52
2686,上昇,33.1,4.52
2687,不満,33.1,4.52
2688,仲,33.1,4.52
2689,保障,33.1,4.52
2690,入手,33.1,4.52
2691,分の,33.1,4.52
2692,列車,33.1,4.52
2693,勝負,33.1,4.52
2694,司令,33.1,4.52
2695,向かう,33.1,4.52
2696,周囲,33.1,4.52
2697,国会,33.1,4.52
2698,基礎,33.1,4.52
2699,増える,33.1,4.52
2700,売る,33.1,4.52
2701,姿勢,33.1,4.52
2702,宣言,33.1,4.52
2703,山本,33.1,4.52
2704,形式,33.1,4.52
2705,忙しい,33.1,4.52
2706,思想,33.1,4.52
2707,描く,33.1,4.52
2708,改正,33.1,4.52
2709,数字,33.1,4.52
2710,整理,33.1,4.52
2711,方針,33.1,4.52
2712,時計,33.1,4.52
2713,機器,33.1,4.52
2714,現状,33.1,4.52
2715,発射,33.1,4.52
2716,発電,33.1,4.52
2717,組み合わせ,33.1,4.52
2718,緊張,33.1,4.52
2719,芸能,33.1,4.52
2720,若者,33.1,4.52
2721,荷物,33.1,4.52
2722,著作,33.1,4.52
2723,行政,33.1,4.52
2724,衣装,33.1,4.52
2725,計,33.1,4.52
2726,買い物,33.1,4.52
2727,買え,33.1,4.52
2728,起こる,33.1,4.52
2729,超える,33.1,4.52
2730,連,33.1,4.52
2731,進む,33.1,4.52
2732,進行,33.1,4.52
2733,遅い,33.1,4.52
2734,遅く,33.1,4.52
2735,限界,33.1,4.52
2736,集まっ,33.1,4.52
2737,静岡,33.1,4.52
2738,飯,33.1,4.52
2739,駐車,33.1,4.52
2740,驚い,33.1,4.52
2741,お客様,32.4,4.51
2742,お気に入り,32.4,4.51
2743,きれ,32.4,4.51
2744,どうせ,32.4,4.51
2745,まじ,32.4,4.51
2746,もはや,32.4,4.51
2747,アナ,32.4,4.51
2748,アン,32.4,4.51
2749,コスト,32.4,4.51
2750,シ,32.4,4.51
2751,ショック,32.4,4.51
2752,セフレ,32.4,4.51
2753,タバコ,32.4,4.51
2754,ダウン,32.4,4.51
2755,ネットワーク,32.4,4.51
2756,パパ,32.4,4.51
2757,ホール,32.4,4.51
2758,ボックス,32.4,4.51
2759,ヨーロッパ,32.4,4.51
2760,リング,32.4,4.51
2761,一応,32.4,4.51
2762,伸び,32.4,4.51
2763,信号,32.4,4.51
2764,傷,32.4,4.51
2765,入力,32.4,4.51
2766,共有,32.4,4.51
2767,初心者,32.4,4.51
2768,効率,32.4,4.51
2769,名誉,32.4,4.51
2770,向上,32.4,4.51
2771,喜び,32.4,4.51
2772,嵐,32.4,4.51
2773,差別,32.4,4.51
2774,当て,32.4,4.51
2775,徒歩,32.4,4.51
2776,恐れ,32.4,4.51
2777,手紙,32.4,4.51
2778,払っ,32.4,4.51
2779,文章,32.4,4.51
2780,日々,32.4,4.51
2781,明確,32.4,4.51
2782,昼,32.4,4.51
2783,本当は,32.4,4.51
2784,本部,32.4,4.51
2785,気付い,32.4,4.51
2786,水着,32.4,4.51
2787,永遠,32.4,4.51
2788,特,32.4,4.51
2789,現象,32.4,4.51
2790,田中,32.4,4.51
2791,示す,32.4,4.51
2792,神社,32.4,4.51
2793,結婚式,32.4,4.51
2794,英,32.4,4.51
2795,血液,32.4,4.51
2796,覚悟,32.4,4.51
2797,詳しい,32.4,4.51
2798,語る,32.4,4.51
2799,辺,32.4,4.51
2800,送る,32.4,4.51
2801,鉄,32.4,4.51
2802,音声,32.4,4.51
2803,頂い,32.4,4.51
2804,google,31.6,4.5
2805,ぁ,31.6,4.5
2806,あい,31.6,4.5
2807,いこ,31.6,4.5
2808,いわゆる,31.6,4.5
2809,がん,31.6,4.5
2810,たろ,31.6,4.5
2811,とり,31.6,4.5
2812,とんでも,31.6,4.5
2813,アート,31.6,4.5
2814,コントロール,31.6,4.5
2815,ジャンプ,31.6,4.5
2816,スピード,31.6,4.5
2817,ソロ,31.6,4.5
2818,ピン,31.6,4.5
2819,ピンク,31.6,4.5
2820,プラス,31.6,4.5
2821,リー,31.6,4.5
2822,リーグ,31.6,4.5
2823,上記,31.6,4.5
2824,事務,31.6,4.5
2825,人形,31.6,4.5
2826,修理,31.6,4.5
2827,児童,31.6,4.5
2828,公共,31.6,4.5
2829,原,31.6,4.5
2830,可,31.6,4.5
2831,喧嘩,31.6,4.5
2832,坂,31.6,4.5
2833,学者,31.6,4.5
2834,引退,31.6,4.5
2835,当たる,31.6,4.5
2836,成立,31.6,4.5
2837,推進,31.6,4.5
2838,放置,31.6,4.5
2839,料金,31.6,4.5
2840,旦那,31.6,4.5
2841,暴力,31.6,4.5
2842,有,31.6,4.5
2843,民間,31.6,4.5
2844,気に入っ,31.6,4.5
2845,源,31.6,4.5
2846,燃料,31.6,4.5
2847,知り合い,31.6,4.5
2848,素人,31.6,4.5
2849,統一,31.6,4.5
2850,背中,31.6,4.5
2851,解消,31.6,4.5
2852,財布,31.6,4.5
2853,越え,31.6,4.5
2854,速報,31.6,4.5
2855,遺産,31.6,4.5
2856,配置,31.6,4.5
2857,電力,31.6,4.5
2858,android,30.9,4.49
2859,うわ,30.9,4.49
2860,おる,30.9,4.49
2861,だり,30.9,4.49
2862,とおり,30.9,4.49
2863,なんだか,30.9,4.49
2864,ほんとに,30.9,4.49
2865,やってき,30.9,4.49
2866,わざわざ,30.9,4.49
2867,わずか,30.9,4.49
2868,クズ,30.9,4.49
2869,スペイン,30.9,4.49
2870,チケット,30.9,4.49
2871,プール,30.9,4.49
2872,ルート,30.9,4.49
2873,レビュー,30.9,4.49
2874,ローン,30.9,4.49
2875,一定,30.9,4.49
2876,中学,30.9,4.49
2877,乗る,30.9,4.49
2878,優れ,30.9,4.49
2879,共に,30.9,4.49
2880,再現,30.9,4.49
2881,勝,30.9,4.49
2882,味方,30.9,4.49
2883,回収,30.9,4.49
2884,回答,30.9,4.49
2885,圧倒的,30.9,4.49
2886,地図,30.9,4.49
2887,報酬,30.9,4.49
2888,場面,30.9,4.49
2889,変わり,30.9,4.49
2890,変態,30.9,4.49
2891,変換,30.9,4.49
2892,失っ,30.9,4.49
2893,季節,30.9,4.49
2894,学ん,30.9,4.49
2895,就職,30.9,4.49
2896,幅,30.9,4.49
2897,平日,30.9,4.49
2898,応募,30.9,4.49
2899,態度,30.9,4.49
2900,戦士,30.9,4.49
2901,扉,30.9,4.49
2902,指揮,30.9,4.49
2903,掲示板,30.9,4.49
2904,改めて,30.9,4.49
2905,正,30.9,4.49
2906,狙っ,30.9,4.49
2907,男の子,30.9,4.49
2908,直後,30.9,4.49
2909,筋肉,30.9,4.49
2910,純,30.9,4.49
2911,置く,30.9,4.49
2912,美容,30.9,4.49
2913,腰,30.9,4.49
2914,航空,30.9,4.49
2915,製作,30.9,4.49
2916,見事,30.9,4.49
2917,規則,30.9,4.49
2918,規定,30.9,4.49
2919,設備,30.9,4.49
2920,谷,30.9,4.49
2921,起動,30.9,4.49
2922,送り,30.9,4.49
2923,適用,30.9,4.49
2924,選択肢,30.9,4.49
2925,鈴木,30.9,4.49
2926,鉄道,30.9,4.49
2927,高級,30.9,4.49
2928,麺,30.9,4.49
2929,うる,30.2,4.48
2930,お知らせ,30.2,4.48
2931,お茶,30.2,4.48
2932,ざる,30.2,4.48
2933,せっかく,30.2,4.48
2934,そっ,30.2,4.48
2935,ばっか,30.2,4.48
2936,へん,30.2,4.48
2937,ほら,30.2,4.48
2938,みな,30.2,4.48
2939,サブ,30.2,4.48
2940,デ,30.2,4.48
2941,ドライブ,30.2,4.48
2942,ニーズ,30.2,4.48
2943,ハウス,30.2,4.48
2944,ハート,30.2,4.48
2945,パック,30.2,4.48
2946,一気に,30.2,4.48
2947,上がる,30.2,4.48
2948,乗り,30.2,4.48
2949,九州,30.2,4.48
2950,人工,30.2,4.48
2951,免許,30.2,4.48
2952,入ら,30.2,4.48
2953,全力,30.2,4.48
2954,全身,30.2,4.48
2955,内閣,30.2,4.48
2956,切り,30.2,4.48
2957,初回,30.2,4.48
2958,同僚,30.2,4.48
2959,大手,30.2,4.48
2960,夫婦,30.2,4.48
2961,奥,30.2,4.48
2962,実家,30.2,4.48
2963,当たっ,30.2,4.48
2964,応じ,30.2,4.48
2965,恐ろしい,30.2,4.48
2966,戻る,30.2,4.48
2967,挙げ,30.2,4.48
2968,描か,30.2,4.48
2969,文句,30.2,4.48
2970,文書,30.2,4.48
2971,普及,30.2,4.48
2972,来年,30.2,4.48
2973,歌詞,30.2,4.48
2974,死ね,30.2,4.48
2975,毒,30.2,4.48
2976,泣い,30.2,4.48
2977,活用,30.2,4.48
2978,犯人,30.2,4.48
2979,申請,30.2,4.48
2980,盤,30.2,4.48
2981,直し,30.2,4.48
2982,福祉,30.2,4.48
2983,笑う,30.2,4.48
2984,策,30.2,4.48
2985,解除,30.2,4.48
2986,読める,30.2,4.48
2987,軽く,30.2,4.48
2988,長官,30.2,4.48
2989,長野,30.2,4.48
2990,降り,30.2,4.48
2991,離婚,30.2,4.48
2992,食い,30.2,4.48
2993,飽き,30.2,4.48
2994,高齢,30.2,4.48
2995,op,29.5,4.47
2996,that,29.5,4.47
2997,か月,29.5,4.47
2998,さあ,29.5,4.47
2999,さくら,29.5,4.47
3000,にゃ,29.5,4.47
3001,ようやく,29.5,4.47
3002,ギター,29.5,4.47
3003,コミュニティ,29.5,4.47
3004,ピアノ,29.5,4.47
3005,ポケモン,29.5,4.47
3006,メートル,29.5,4.47
3007,ユニット,29.5,4.47
3008,伝える,29.5,4.47
3009,削除,29.5,4.47
3010,勇気,29.5,4.47
3011,勢い,29.5,4.47
3012,参照,29.5,4.47
3013,合格,29.5,4.47
3014,同じく,29.5,4.47
3015,回し,29.5,4.47
3016,多少,29.5,4.47
3017,学ぶ,29.5,4.47
3018,宮,29.5,4.47
3019,対処,29.5,4.47
3020,座っ,29.5,4.47
3021,当初,29.5,4.47
3022,必死,29.5,4.47
3023,怖く,29.5,4.47
3024,意思,29.5,4.47
3025,所属,29.5,4.47
3026,提出,29.5,4.47
3027,楽しかっ,29.5,4.47
3028,深く,29.5,4.47
3029,環,29.5,4.47
3030,短い,29.5,4.47
3031,笑い,29.5,4.47
3032,給料,29.5,4.47
3033,老人,29.5,4.47
3034,色んな,29.5,4.47
3035,落ちる,29.5,4.47
3036,表情,29.5,4.47
3037,読め,29.5,4.47
3038,週末,29.5,4.47
3039,関,29.5,4.47
3040,静か,29.5,4.47
3041,食っ,29.5,4.47
3042,高橋,29.5,4.47
3043,ありがたい,28.8,4.46
3044,いち,28.8,4.46
3045,つらい,28.8,4.46
3046,ほん,28.8,4.46
3047,もともと,28.8,4.46
3048,りん,28.8,4.46
3049,わぁ,28.8,4.46
3050,アクション,28.8,4.46
3051,アーティスト,28.8,4.46
3052,デカ,28.8,4.46
3053,プレミアム,28.8,4.46
3054,ホワイト,28.8,4.46
3055,レス,28.8,4.46
3056,一言,28.8,4.46
3057,上げる,28.8,4.46
3058,並ん,28.8,4.46
3059,中学生,28.8,4.46
3060,具合,28.8,4.46
3061,動か,28.8,4.46
3062,化学,28.8,4.46
3063,医者,28.8,4.46
3064,受賞,28.8,4.46
3065,合計,28.8,4.46
3066,同人,28.8,4.46
3067,呼び,28.8,4.46
3068,問わ,28.8,4.46
3069,外部,28.8,4.46
3070,姉さん,28.8,4.46
3071,定義,28.8,4.46
3072,左右,28.8,4.46
3073,帝国,28.8,4.46
3074,恥ずかしい,28.8,4.46
3075,悩み,28.8,4.46
3076,悪化,28.8,4.46
3077,意外,28.8,4.46
3078,意外と,28.8,4.46
3079,抱え,28.8,4.46
3080,日記,28.8,4.46
3081,松,28.8,4.46
3082,次に,28.8,4.46
3083,正解,28.8,4.46
3084,江戸,28.8,4.46
3085,相互,28.8,4.46
3086,神様,28.8,4.46
3087,絶望,28.8,4.46
3088,耐え,28.8,4.46
3089,聴い,28.8,4.46
3090,芸人,28.8,4.46
3091,訪問,28.8,4.46
3092,走る,28.8,4.46
3093,迷っ,28.8,4.46
3094,野,28.8,4.46
3095,集合,28.8,4.46
3096,願い,28.8,4.46
3097,高度,28.8,4.46
3098,news,28.2,4.45
3099,ある程度,28.2,4.45
3100,おかしく,28.2,4.45
3101,おやすみ,28.2,4.45
3102,どん,28.2,4.45
3103,ないし,28.2,4.45
3104,なろ,28.2,4.45
3105,やる気,28.2,4.45
3106,オナニー,28.2,4.45
3107,キング,28.2,4.45
3108,ココ,28.2,4.45
3109,チーズ,28.2,4.45
3110,ッ,28.2,4.45
3111,ナンバー,28.2,4.45
3112,ノート,28.2,4.45
3113,ヒーロー,28.2,4.45
3114,ファッション,28.2,4.45
3115,プロフィール,28.2,4.45
3116,ペット,28.2,4.45
3117,ポケット,28.2,4.45
3118,下手,28.2,4.45
3119,仙台,28.2,4.45
3120,休日,28.2,4.45
3121,充電,28.2,4.45
3122,入,28.2,4.45
3123,冊,28.2,4.45
3124,出現,28.2,4.45
3125,刀,28.2,4.45
3126,前半,28.2,4.45
3127,創作,28.2,4.45
3128,大分,28.2,4.45
3129,奇跡,28.2,4.45
3130,宮崎,28.2,4.45
3131,平気,28.2,4.45
3132,幼稚園,28.2,4.45
3133,強力,28.2,4.45
3134,心臓,28.2,4.45
3135,悩ん,28.2,4.45
3136,攻略,28.2,4.45
3137,教,28.2,4.45
3138,新人,28.2,4.45
3139,時々,28.2,4.45
3140,有り,28.2,4.45
3141,期限,28.2,4.45
3142,本体,28.2,4.45
3143,歌っ,28.2,4.45
3144,流行,28.2,4.45
3145,混乱,28.2,4.45
3146,王国,28.2,4.45
3147,糞,28.2,4.45
3148,縁,28.2,4.45
3149,群,28.2,4.45
3150,考え方,28.2,4.45
3151,自衛隊,28.2,4.45
3152,華,28.2,4.45
3153,見せる,28.2,4.45
3154,貴重,28.2,4.45
3155,費用,28.2,4.45
3156,軍事,28.2,4.45
3157,陣,28.2,4.45
3158,雇用,28.2,4.45
3159,項目,28.2,4.45
3160,順,28.2,4.45
3161,香,28.2,4.45
3162,▼,27.5,4.44
3163,あそこ,27.5,4.44
3164,きちんと,27.5,4.44
3165,さっさと,27.5,4.44
3166,まとも,27.5,4.44
3167,やや,27.5,4.44
3168,イイ,27.5,4.44
3169,キャリア,27.5,4.44
3170,ジャ,27.5,4.44
3171,スマート,27.5,4.44
3172,セ,27.5,4.44
3173,セール,27.5,4.44
3174,ソース,27.5,4.44
3175,チャレンジ,27.5,4.44
3176,ナ,27.5,4.44
3177,ハード,27.5,4.44
3178,バッグ,27.5,4.44
3179,ブック,27.5,4.44
3180,下がっ,27.5,4.44
3181,不要,27.5,4.44
3182,丶,27.5,4.44
3183,仕組み,27.5,4.44
3184,任務,27.5,4.44
3185,会える,27.5,4.44
3186,低下,27.5,4.44
3187,住む,27.5,4.44
3188,余計,27.5,4.44
3189,作れ,27.5,4.44
3190,入学,27.5,4.44
3191,出発,27.5,4.44
3192,制服,27.5,4.44
3193,危ない,27.5,4.44
3194,原発,27.5,4.44
3195,受付,27.5,4.44
3196,受験,27.5,4.44
3197,各種,27.5,4.44
3198,吉田,27.5,4.44
3199,回っ,27.5,4.44
3200,図書館,27.5,4.44
3201,増やし,27.5,4.44
3202,嫁,27.5,4.44
3203,実績,27.5,4.44
3204,属性,27.5,4.44
3205,岡山,27.5,4.44
3206,巨乳,27.5,4.44
3207,引い,27.5,4.44
3208,思考,27.5,4.44
3209,惑星,27.5,4.44
3210,把握,27.5,4.44
3211,抑え,27.5,4.44
3212,方式,27.5,4.44
3213,書類,27.5,4.44
3214,松本,27.5,4.44
3215,概念,27.5,4.44
3216,気温,27.5,4.44
3217,物理,27.5,4.44
3218,現金,27.5,4.44
3219,睡眠,27.5,4.44
3220,競技,27.5,4.44
3221,経っ,27.5,4.44
3222,艦隊,27.5,4.44
3223,路線,27.5,4.44
3224,酸,27.5,4.44
3225,重い,27.5,4.44
3226,黒い,27.5,4.44
3227,▽,26.9,4.43
3228,◎,26.9,4.43
3229,ごろ,26.9,4.43
3230,そいつ,26.9,4.43
3231,だいぶ,26.9,4.43
3232,ちょ,26.9,4.43
3233,とら,26.9,4.43
3234,わし,26.9,4.43
3235,イ,26.9,4.43
3236,イケメン,26.9,4.43
3237,ガラス,26.9,4.43
3238,クラ,26.9,4.43
3239,ゲー,26.9,4.43
3240,コンピュータ,26.9,4.43
3241,ゴルフ,26.9,4.43
3242,センス,26.9,4.43
3243,タダ,26.9,4.43
3244,ドライバー,26.9,4.43
3245,ニコニコ,26.9,4.43
3246,バラ,26.9,4.43
3247,ボク,26.9,4.43
3248,ミサイル,26.9,4.43
3249,モン,26.9,4.43
3250,ヤバイ,26.9,4.43
3251,ラブ,26.9,4.43
3252,ルーム,26.9,4.43
3253,レストラン,26.9,4.43
3254,丁,26.9,4.43
3255,中継,26.9,4.43
3256,介護,26.9,4.43
3257,住所,26.9,4.43
3258,依存,26.9,4.43
3259,像,26.9,4.43
3260,出来事,26.9,4.43
3261,勢,26.9,4.43
3262,勧め,26.9,4.43
3263,単に,26.9,4.43
3264,回数,26.9,4.43
3265,回避,26.9,4.43
3266,天皇,26.9,4.43
3267,市長,26.9,4.43
3268,広く,26.9,4.43
3269,店員,26.9,4.43
3270,弱,26.9,4.43
3271,従業,26.9,4.43
3272,思い出す,26.9,4.43
3273,想定,26.9,4.43
3274,懐かしい,26.9,4.43
3275,成果,26.9,4.43
3276,手法,26.9,4.43
3277,抜き,26.9,4.43
3278,披露,26.9,4.43
3279,方々,26.9,4.43
3280,早,26.9,4.43
3281,有料,26.9,4.43
3282,極,26.9,4.43
3283,楽しめる,26.9,4.43
3284,欲しかっ,26.9,4.43
3285,民主,26.9,4.43
3286,氷,26.9,4.43
3287,油,26.9,4.43
3288,活,26.9,4.43
3289,減少,26.9,4.43
3290,渡し,26.9,4.43
3291,無線,26.9,4.43
3292,犠牲,26.9,4.43
3293,狼,26.9,4.43
3294,研究所,26.9,4.43
3295,端末,26.9,4.43
3296,終え,26.9,4.43
3297,脱毛,26.9,4.43
3298,苦労,26.9,4.43
3299,請求,26.9,4.43
3300,資産,26.9,4.43
3301,輸入,26.9,4.43
3302,返事,26.9,4.43
3303,送信,26.9,4.43
3304,遠く,26.9,4.43
3305,部門,26.9,4.43
3306,長期,26.9,4.43
3307,電源,26.9,4.43
3308,領域,26.9,4.43
3309,騎士,26.9,4.43
3310,from,26.3,4.42
3311,いただける,26.3,4.42
3312,きり,26.3,4.42
3313,まち,26.3,4.42
3314,もう一度,26.3,4.42
3315,もち,26.3,4.42
3316,ァ,26.3,4.42
3317,コ,26.3,4.42
3318,ス,26.3,4.42
3319,パス,26.3,4.42
3320,パートナー,26.3,4.42
3321,ポール,26.3,4.42
3322,メモ,26.3,4.42
3323,リード,26.3,4.42
3324,世間,26.3,4.42
3325,主催,26.3,4.42
3326,付き合っ,26.3,4.42
3327,先日,26.3,4.42
3328,勘違い,26.3,4.42
3329,勝て,26.3,4.42
3330,北朝鮮,26.3,4.42
3331,同時,26.3,4.42
3332,外し,26.3,4.42
3333,希,26.3,4.42
3334,底,26.3,4.42
3335,延長,26.3,4.42
3336,復帰,26.3,4.42
3337,承認,26.3,4.42
3338,振り,26.3,4.42
3339,散歩,26.3,4.42
3340,数学,26.3,4.42
3341,新幹線,26.3,4.42
3342,熱い,26.3,4.42
3343,爆弾,26.3,4.42
3344,狙い,26.3,4.42
3345,球,26.3,4.42
3346,真剣,26.3,4.42
3347,移行,26.3,4.42
3348,競争,26.3,4.42
3349,素直,26.3,4.42
3350,羽,26.3,4.42
3351,自慢,26.3,4.42
3352,訪れ,26.3,4.42
3353,訴訟,26.3,4.42
3354,貢献,26.3,4.42
3355,軸,26.3,4.42
3356,道具,26.3,4.42
3357,遠い,26.3,4.42
3358,遺伝子,26.3,4.42
3359,配布,26.3,4.42
3360,里,26.3,4.42
3361,金属,26.3,4.42
3362,門,26.3,4.42
3363,開く,26.3,4.42
3364,防止,26.3,4.42
3365,韓,26.3,4.42
3366,飛行,26.3,4.42
3367,飛行機,26.3,4.42
3368,鹿児島,26.3,4.42
3369,ed,25.7,4.41
3370,ww,25.7,4.41
3371,おこ,25.7,4.41
3372,お世話,25.7,4.41
3373,お客,25.7,4.41
3374,こりゃ,25.7,4.41
3375,たる,25.7,4.41
3376,だいたい,25.7,4.41
3377,てれ,25.7,4.41
3378,とれ,25.7,4.41
3379,どっか,25.7,4.41
3380,ゝ,25.7,4.41
3381,キャスト,25.7,4.41
3382,コンサート,25.7,4.41
3383,ゴール,25.7,4.41
3384,ダン,25.7,4.41
3385,ツール,25.7,4.41
3386,パート,25.7,4.41
3387,フィギュア,25.7,4.41
3388,ホームページ,25.7,4.41
3389,マスク,25.7,4.41
3390,メイク,25.7,4.41
3391,メニュー,25.7,4.41
3392,ラン,25.7,4.41
3393,ランド,25.7,4.41
3394,上がり,25.7,4.41
3395,了解,25.7,4.41
3396,予測,25.7,4.41
3397,亜,25.7,4.41
3398,付近,25.7,4.41
3399,作者,25.7,4.41
3400,健,25.7,4.41
3401,優しく,25.7,4.41
3402,充実,25.7,4.41
3403,先行,25.7,4.41
3404,児,25.7,4.41
3405,冒険,25.7,4.41
3406,冗談,25.7,4.41
3407,出場,25.7,4.41
3408,前提,25.7,4.41
3409,匿名,25.7,4.41
3410,取り上げ,25.7,4.41
3411,告白,25.7,4.41
3412,国立,25.7,4.41
3413,大体,25.7,4.41
3414,婦,25.7,4.41
3415,実装,25.7,4.41
3416,対戦,25.7,4.41
3417,寿司,25.7,4.41
3418,従来,25.7,4.41
3419,怪我,25.7,4.41
3420,抜い,25.7,4.41
3421,明治,25.7,4.41
3422,材料,25.7,4.41
3423,棒,25.7,4.41
3424,権力,25.7,4.41
3425,機種,25.7,4.41
3426,次回,25.7,4.41
3427,止まっ,25.7,4.41
3428,正規,25.7,4.41
3429,毎週,25.7,4.41
3430,比較的,25.7,4.41
3431,民族,25.7,4.41
3432,気づか,25.7,4.41
3433,激しい,25.7,4.41
3434,珍しい,25.7,4.41
3435,票,25.7,4.41
3436,立つ,25.7,4.41
3437,総理,25.7,4.41
3438,考慮,25.7,4.41
3439,茶,25.7,4.41
3440,解釈,25.7,4.41
3441,証,25.7,4.41
3442,警備,25.7,4.41
3443,買わ,25.7,4.41
3444,辺り,25.7,4.41
3445,違法,25.7,4.41
3446,面白かっ,25.7,4.41
3447,風俗,25.7,4.41
3448,香り,25.7,4.41
3449,fc,25.1,4.4
3450,ii,25.1,4.4
3451,ver,25.1,4.4
3452,あんた,25.1,4.4
3453,うた,25.1,4.4
3454,うるさい,25.1,4.4
3455,けっこう,25.1,4.4
3456,こん,25.1,4.4
3457,ついてる,25.1,4.4
3458,まくり,25.1,4.4
3459,もうすぐ,25.1,4.4
3460,もっとも,25.1,4.4
3461,オフ,25.1,4.4
3462,カッコ,25.1,4.4
3463,クロス,25.1,4.4
3464,ケツ,25.1,4.4
3465,コイン,25.1,4.4
3466,コマ,25.1,4.4
3467,コレクション,25.1,4.4
3468,ジム,25.1,4.4
3469,ジャパン,25.1,4.4
3470,テーブル,25.1,4.4
3471,ドレス,25.1,4.4
3472,ハン,25.1,4.4
3473,バン,25.1,4.4
3474,パーツ,25.1,4.4
3475,メキシコ,25.1,4.4
3476,ロゴ,25.1,4.4
3477,ワールド,25.1,4.4
3478,休憩,25.1,4.4
3479,作用,25.1,4.4
3480,供給,25.1,4.4
3481,俳優,25.1,4.4
3482,公表,25.1,4.4
3483,判明,25.1,4.4
3484,動作,25.1,4.4
3485,勢力,25.1,4.4
3486,半年,25.1,4.4
3487,地上,25.1,4.4
3488,塾,25.1,4.4
3489,大半,25.1,4.4
3490,大幅,25.1,4.4
3491,女王,25.1,4.4
3492,好,25.1,4.4
3493,対立,25.1,4.4
3494,小さく,25.1,4.4
3495,市内,25.1,4.4
3496,廃止,25.1,4.4
3497,引用,25.1,4.4
3498,待つ,25.1,4.4
3499,息,25.1,4.4
3500,意図,25.1,4.4
3501,戦っ,25.1,4.4
3502,戻り,25.1,4.4
3503,支え,25.1,4.4
3504,晩,25.1,4.4
3505,暑い,25.1,4.4
3506,校,25.1,4.4
3507,格好,25.1,4.4
3508,欄,25.1,4.4
3509,歩く,25.1,4.4
3510,民主党,25.1,4.4
3511,洗濯,25.1,4.4
3512,漢字,25.1,4.4
3513,田舎,25.1,4.4
3514,症状,25.1,4.4
3515,皮,25.1,4.4
3516,直前,25.1,4.4
3517,石川,25.1,4.4
3518,英国,25.1,4.4
3519,視点,25.1,4.4
3520,観察,25.1,4.4
3521,買える,25.1,4.4
3522,通販,25.1,4.4
3523,閉鎖,25.1,4.4
3524,需要,25.1,4.4
3525,飲ま,25.1,4.4
3526,as,24.5,4.39
3527,so,24.5,4.39
3528,ss,24.5,4.39
3529,なき,24.5,4.39
3530,めちゃくちゃ,24.5,4.39
3531,やす,24.5,4.39
3532,ゆき,24.5,4.39
3533,を通じて,24.5,4.39
3534,アウト,24.5,4.39
3535,イオン,24.5,4.39
3536,ウイルス,24.5,4.39
3537,クロ,24.5,4.39
3538,サンプル,24.5,4.39
3539,スタジオ,24.5,4.39
3540,タクシー,24.5,4.39
3541,フォン,24.5,4.39
3542,ライフ,24.5,4.39
3543,一致,24.5,4.39
3544,不正,24.5,4.39
3545,乗せ,24.5,4.39
3546,仲良く,24.5,4.39
3547,優,24.5,4.39
3548,出力,24.5,4.39
3549,加藤,24.5,4.39
3550,収集,24.5,4.39
3551,多様,24.5,4.39
3552,姉妹,24.5,4.39
3553,守っ,24.5,4.39
3554,岩,24.5,4.39
3555,弁当,24.5,4.39
3556,形成,24.5,4.39
3557,微妙,24.5,4.39
3558,我,24.5,4.39
3559,才,24.5,4.39
3560,族,24.5,4.39
3561,暗殺,24.5,4.39
3562,朝鮮,24.5,4.39
3563,楽しむ,24.5,4.39
3564,武装,24.5,4.39
3565,池,24.5,4.39
3566,済む,24.5,4.39
3567,直,24.5,4.39
3568,眼,24.5,4.39
3569,立派,24.5,4.39
3570,競馬,24.5,4.39
3571,缶,24.5,4.39
3572,脱出,24.5,4.39
3573,自民党,24.5,4.39
3574,舐め,24.5,4.39
3575,若,24.5,4.39
3576,英雄,24.5,4.39
3577,菜,24.5,4.39
3578,衛星,24.5,4.39
3579,補助,24.5,4.39
3580,要,24.5,4.39
3581,要請,24.5,4.39
3582,設立,24.5,4.39
3583,財産,24.5,4.39
3584,軽,24.5,4.39
3585,連合,24.5,4.39
3586,連邦,24.5,4.39
3587,釣り,24.5,4.39
3588,頼ん,24.5,4.39
3589,box,24.0,4.38
3590,gb,24.0,4.38
3591,off,24.0,4.38
3592,th,24.0,4.38
3593,д,24.0,4.38
3594,かかわら,24.0,4.38
3595,すいません,24.0,4.38
3596,ぼ,24.0,4.38
3597,みれ,24.0,4.38
3598,もしか,24.0,4.38
3599,アイデア,24.0,4.38
3600,オール,24.0,4.38
3601,キリスト,24.0,4.38
3602,クリ,24.0,4.38
3603,クリック,24.0,4.38
3604,クール,24.0,4.38
3605,コート,24.0,4.38
3606,ション,24.0,4.38
3607,セキュリティ,24.0,4.38
3608,セクシー,24.0,4.38
3609,ハメ,24.0,4.38
3610,ブーム,24.0,4.38
3611,マシ,24.0,4.38
3612,マス,24.0,4.38
3613,ラスト,24.0,4.38
3614,下げ,24.0,4.38
3615,不良,24.0,4.38
3616,中古,24.0,4.38
3617,乳首,24.0,4.38
3618,五輪,24.0,4.38
3619,亡くなっ,24.0,4.38
3620,体調,24.0,4.38
3621,倒し,24.0,4.38
3622,先週,24.0,4.38
3623,兵庫,24.0,4.38
3624,刺激,24.0,4.38
3625,創造,24.0,4.38
3626,化粧,24.0,4.38
3627,吸収,24.0,4.38
3628,天然,24.0,4.38
3629,婚,24.0,4.38
3630,実質,24.0,4.38
3631,屋根,24.0,4.38
3632,怒っ,24.0,4.38
3633,才能,24.0,4.38
3634,打っ,24.0,4.38
3635,改革,24.0,4.38
3636,構築,24.0,4.38
3637,正体,24.0,4.38
3638,歩き,24.0,4.38
3639,港,24.0,4.38
3640,生まれる,24.0,4.38
3641,相変わらず,24.0,4.38
3642,眠れ,24.0,4.38
3643,空い,24.0,4.38
3644,突破,24.0,4.38
3645,繋がり,24.0,4.38
3646,若干,24.0,4.38
3647,要ら,24.0,4.38
3648,訴え,24.0,4.38
3649,認知,24.0,4.38
3650,貸し,24.0,4.38
3651,送ら,24.0,4.38
3652,通知,24.0,4.38
3653,連携,24.0,4.38
3654,関わる,24.0,4.38
3655,隠れ,24.0,4.38
3656,霊,24.0,4.38
3657,黙っ,24.0,4.38
3658,net,23.4,4.37
3659,rt,23.4,4.37
3660,お菓子,23.4,4.37
3661,しょ,23.4,4.37
3662,しん,23.4,4.37
3663,それだけ,23.4,4.37
3664,どんなに,23.4,4.37
3665,まくる,23.4,4.37
3666,エル,23.4,4.37
3667,オー,23.4,4.37
3668,カップル,23.4,4.37
3669,ガキ,23.4,4.37
3670,ジャケット,23.4,4.37
3671,タン,23.4,4.37
3672,テニス,23.4,4.37
3673,ネコ,23.4,4.37
3674,パー,23.4,4.37
3675,ファンタジー,23.4,4.37
3676,ベル,23.4,4.37
3677,ボディ,23.4,4.37
3678,メイド,23.4,4.37
3679,中村,23.4,4.37
3680,主人,23.4,4.37
3681,代理,23.4,4.37
3682,作れる,23.4,4.37
3683,保,23.4,4.37
3684,保管,23.4,4.37
3685,具,23.4,4.37
3686,判決,23.4,4.37
3687,受け取っ,23.4,4.37
3688,古代,23.4,4.37
3689,基,23.4,4.37
3690,外交,23.4,4.37
3691,奈良,23.4,4.37
3692,嬢,23.4,4.37
3693,小林,23.4,4.37
3694,届い,23.4,4.37
3695,思える,23.4,4.37
3696,想い,23.4,4.37
3697,打ち,23.4,4.37
3698,拡散,23.4,4.37
3699,描き,23.4,4.37
3700,新品,23.4,4.37
3701,晋,23.4,4.37
3702,東北,23.4,4.37
3703,極めて,23.4,4.37
3704,欲しく,23.4,4.37
3705,残さ,23.4,4.37
3706,決勝,23.4,4.37
3707,浮気,23.4,4.37
3708,温度,23.4,4.37
3709,現役,23.4,4.37
3710,稼げ,23.4,4.37
3711,管,23.4,4.37
3712,素,23.4,4.37
3713,経過,23.4,4.37
3714,統計,23.4,4.37
3715,認める,23.4,4.37
3716,説得,23.4,4.37
3717,講師,23.4,4.37
3718,軽い,23.4,4.37
3719,近年,23.4,4.37
3720,部下,23.4,4.37
3721,部長,23.4,4.37
3722,重視,23.4,4.37
3723,金持ち,23.4,4.37
3724,関わっ,23.4,4.37
3725,面白く,23.4,4.37
3726,頂け,23.4,4.37
3727,頑張れ,23.4,4.37
3728,騒動,23.4,4.37
3729,ds,22.9,4.36
3730,get,22.9,4.36
3731,sf,22.9,4.36
3732,うどん,22.9,4.36
3733,おう,22.9,4.36
3734,きっ,22.9,4.36
3735,すまん,22.9,4.36
3736,ちまっ,22.9,4.36
3737,ついで,22.9,4.36
3738,ふざけ,22.9,4.36
3739,を通して,22.9,4.36
3740,アル,22.9,4.36
3741,キレイ,22.9,4.36
3742,クーポン,22.9,4.36
3743,シート,22.9,4.36
3744,ペン,22.9,4.36
3745,ホモ,22.9,4.36
3746,マッチ,22.9,4.36
3747,マルチ,22.9,4.36
3748,ミッション,22.9,4.36
3749,メガネ,22.9,4.36
3750,付き合い,22.9,4.36
3751,会見,22.9,4.36
3752,体育,22.9,4.36
3753,倒れ,22.9,4.36
3754,切る,22.9,4.36
3755,勝つ,22.9,4.36
3756,又は,22.9,4.36
3757,受信,22.9,4.36
3758,各地,22.9,4.36
3759,工作,22.9,4.36
3760,広い,22.9,4.36
3761,待機,22.9,4.36
3762,必須,22.9,4.36
3763,戦後,22.9,4.36
3764,捕まえ,22.9,4.36
3765,探偵,22.9,4.36
3766,接触,22.9,4.36
3767,支払い,22.9,4.36
3768,攻め,22.9,4.36
3769,日曜,22.9,4.36
3770,明,22.9,4.36
3771,柄,22.9,4.36
3772,格,22.9,4.36
3773,椅子,22.9,4.36
3774,検証,22.9,4.36
3775,樹,22.9,4.36
3776,正式,22.9,4.36
3777,汚い,22.9,4.36
3778,流石,22.9,4.36
3779,爪,22.9,4.36
3780,猿,22.9,4.36
3781,発揮,22.9,4.36
3782,真似,22.9,4.36
3783,稼ぎ,22.9,4.36
3784,署,22.9,4.36
3785,翼,22.9,4.36
3786,背,22.9,4.36
3787,至る,22.9,4.36
3788,茨城,22.9,4.36
3789,表記,22.9,4.36
3790,表面,22.9,4.36
3791,見つから,22.9,4.36
3792,課金,22.9,4.36
3793,謝罪,22.9,4.36
3794,載っ,22.9,4.36
3795,輸送,22.9,4.36
3796,近,22.9,4.36
3797,逆転,22.9,4.36
3798,金額,22.9,4.36
3799,鍋,22.9,4.36
3800,長崎,22.9,4.36
3801,開か,22.9,4.36
3802,階段,22.9,4.36
3803,項,22.9,4.36
3804,are,22.4,4.35
3805,st,22.4,4.35
3806,tokyo,22.4,4.35
3807,your,22.4,4.35
3808,いかが,22.4,4.35
3809,いじめ,22.4,4.35
3810,いらっしゃい,22.4,4.35
3811,お父さん,22.4,4.35
3812,かかり,22.4,4.35
3813,すっ,22.4,4.35
3814,それほど,22.4,4.35
3815,にかけて,22.4,4.35
3816,ぶ,22.4,4.35
3817,ウソ,22.4,4.35
3818,サークル,22.4,4.35
3819,スイッチ,22.4,4.35
3820,ダイヤ,22.4,4.35
3821,ダブル,22.4,4.35
3822,チャン,22.4,4.35
3823,テープ,22.4,4.35
3824,パフォーマンス,22.4,4.35
3825,ラボ,22.4,4.35
3826,乙,22.4,4.35
3827,亀,22.4,4.35
3828,予告,22.4,4.35
3829,人材,22.4,4.35
3830,今月,22.4,4.35
3831,体力,22.4,4.35
3832,何処,22.4,4.35
3833,兵士,22.4,4.35
3834,再開,22.4,4.35
3835,冷静,22.4,4.35
3836,割引,22.4,4.35
3837,劇,22.4,4.35
3838,加,22.4,4.35
3839,司法,22.4,4.35
3840,呼吸,22.4,4.35
3841,圧力,22.4,4.35
3842,外れ,22.4,4.35
3843,失わ,22.4,4.35
3844,妙,22.4,4.35
3845,実感,22.4,4.35
3846,届,22.4,4.35
3847,庭,22.4,4.35
3848,引く,22.4,4.35
3849,成人,22.4,4.35
3850,日曜日,22.4,4.35
3851,早め,22.4,4.35
3852,有る,22.4,4.35
3853,来週,22.4,4.35
3854,橋本,22.4,4.35
3855,消滅,22.4,4.35
3856,滞在,22.4,4.35
3857,犯,22.4,4.35
3858,狩り,22.4,4.35
3859,痛,22.4,4.35
3860,発信,22.4,4.35
3861,矢,22.4,4.35
3862,箇所,22.4,4.35
3863,紫,22.4,4.35
3864,美女,22.4,4.35
3865,膝,22.4,4.35
3866,表紙,22.4,4.35
3867,触っ,22.4,4.35
3868,論文,22.4,4.35
3869,議会,22.4,4.35
3870,起こす,22.4,4.35
3871,退職,22.4,4.35
3872,通貨,22.4,4.35
3873,通過,22.4,4.35
3874,適切,22.4,4.35
3875,録画,22.4,4.35
3876,陽,22.4,4.35
3877,驚く,22.4,4.35
3878,️,22.4,4.35
3879,can,21.9,4.34
3880,sp,21.9,4.34
3881,□,21.9,4.34
3882,きみ,21.9,4.34
3883,けん,21.9,4.34
3884,こうした,21.9,4.34
3885,たって,21.9,4.34
3886,たとえ,21.9,4.34
3887,なんとなく,21.9,4.34
3888,はるか,21.9,4.34
3889,わっ,21.9,4.34
3890,アダルト,21.9,4.34
3891,アリス,21.9,4.34
3892,ガール,21.9,4.34
3893,コール,21.9,4.34
3894,ナイト,21.9,4.34
3895,ハッピー,21.9,4.34
3896,ヒロイン,21.9,4.34
3897,丁寧,21.9,4.34
3898,上映,21.9,4.34
3899,上野,21.9,4.34
3900,下着,21.9,4.34
3901,京,21.9,4.34
3902,人事,21.9,4.34
3903,侵入,21.9,4.34
3904,信仰,21.9,4.34
3905,凄く,21.9,4.34
3906,前日,21.9,4.34
3907,史上,21.9,4.34
3908,合い,21.9,4.34
3909,基づい,21.9,4.34
3910,大学生,21.9,4.34
3911,実用,21.9,4.34
3912,寂しい,21.9,4.34
3913,対抗,21.9,4.34
3914,届く,21.9,4.34
3915,岐阜,21.9,4.34
3916,川崎,21.9,4.34
3917,常識,21.9,4.34
3918,憧れ,21.9,4.34
3919,扱う,21.9,4.34
3920,挿入,21.9,4.34
3921,損,21.9,4.34
3922,替え,21.9,4.34
3923,桁,21.9,4.34
3924,楽曲,21.9,4.34
3925,歌う,21.9,4.34
3926,汚れ,21.9,4.34
3927,流れる,21.9,4.34
3928,現れる,21.9,4.34
3929,発達,21.9,4.34
3930,竜,21.9,4.34
3931,節,21.9,4.34
3932,組合,21.9,4.34
3933,経由,21.9,4.34
3934,結論,21.9,4.34
3935,翌日,21.9,4.34
3936,舌,21.9,4.34
3937,芸能人,21.9,4.34
3938,見つかっ,21.9,4.34
3939,見つける,21.9,4.34
3940,誤解,21.9,4.34
3941,豆,21.9,4.34
3942,資本,21.9,4.34
3943,載せ,21.9,4.34
3944,逃げる,21.9,4.34
3945,通じ,21.9,4.34
3946,通る,21.9,4.34
3947,週刊,21.9,4.34
3948,過程,21.9,4.34
3949,部品,21.9,4.34
3950,録音,21.9,4.34
3951,開放,21.9,4.34
3952,雲,21.9,4.34
3953,電波,21.9,4.34
3954,青い,21.9,4.34
3955,魔女,21.9,4.34
3956,de,21.4,4.33
3957,ぅ,21.4,4.33
3958,おか,21.4,4.33
3959,どうにか,21.4,4.33
3960,はね,21.4,4.33
3961,やめる,21.4,4.33
3962,アンケート,21.4,4.33
3963,エン,21.4,4.33
3964,オレンジ,21.4,4.33
3965,キレ,21.4,4.33
3966,ギフト,21.4,4.33
3967,コーチ,21.4,4.33
3968,シェア,21.4,4.33
3969,シャワー,21.4,4.33
3970,パッケージ,21.4,4.33
3971,ペ,21.4,4.33
3972,マイケル,21.4,4.33
3973,マイナス,21.4,4.33
3974,レイプ,21.4,4.33
3975,レポート,21.4,4.33
3976,ロス,21.4,4.33
3977,上手い,21.4,4.33
3978,主演,21.4,4.33
3979,主要,21.4,4.33
3980,付属,21.4,4.33
3981,借金,21.4,4.33
3982,偶然,21.4,4.33
3983,印刷,21.4,4.33
3984,咲,21.4,4.33
3985,土曜日,21.4,4.33
3986,堂,21.4,4.33
3987,墓,21.4,4.33
3988,変身,21.4,4.33
3989,夕方,21.4,4.33
3990,夫人,21.4,4.33
3991,奥さん,21.4,4.33
3992,定め,21.4,4.33
3993,宮城,21.4,4.33
3994,尊敬,21.4,4.33
3995,広,21.4,4.33
3996,形態,21.4,4.33
3997,我が,21.4,4.33
3998,指名,21.4,4.33
3999,方面,21.4,4.33
4000,某,21.4,4.33
4001,楽しめ,21.4,4.33
4002,権限,21.4,4.33
4003,毎月,21.4,4.33
4004,汁,21.4,4.33
4005,海賊,21.4,4.33
4006,消す,21.4,4.33
4007,渡辺,21.4,4.33
4008,演技,21.4,4.33
4009,無限,21.4,4.33
4010,理事,21.4,4.33
4011,異なり,21.4,4.33
4012,疑い,21.4,4.33
4013,眺め,21.4,4.33
4014,確信,21.4,4.33
4015,裁判所,21.4,4.33
4016,裸,21.4,4.33
4017,褒め,21.4,4.33
4018,親友,21.4,4.33
4019,該当,21.4,4.33
4020,読者,21.4,4.33
4021,講座,21.4,4.33
4022,資源,21.4,4.33
4023,賛成,21.4,4.33
4024,跡,21.4,4.33
4025,通し,21.4,4.33
4026,達し,21.4,4.33
4027,関わら,21.4,4.33
4028,面接,21.4,4.33
4029,bs,20.9,4.32
4030,facebook,20.9,4.32
4031,jk,20.9,4.32
4032,♡,20.9,4.32
4033,あっち,20.9,4.32
4034,ぃ,20.9,4.32
4035,お祝い,20.9,4.32
4036,こっ,20.9,4.32
4037,なくなる,20.9,4.32
4038,まっ,20.9,4.32
4039,アパート,20.9,4.32
4040,アピール,20.9,4.32
4041,アフリカ,20.9,4.32
4042,エピソード,20.9,4.32
4043,ケーブル,20.9,4.32
4044,コア,20.9,4.32
4045,ゴールド,20.9,4.32
4046,シンプル,20.9,4.32
4047,ジャック,20.9,4.32
4048,チャット,20.9,4.32
4049,チョコ,20.9,4.32
4050,デブ,20.9,4.32
4051,デモ,20.9,4.32
4052,バッテリー,20.9,4.32
4053,パイロット,20.9,4.32
4054,ビッグ,20.9,4.32
4055,フレンド,20.9,4.32
4056,ボード,20.9,4.32
4057,マ,20.9,4.32
4058,マンション,20.9,4.32
4059,モテ,20.9,4.32
4060,ーー,20.9,4.32
4061,久々,20.9,4.32
4062,争い,20.9,4.32
4063,事項,20.9,4.32
4064,伊藤,20.9,4.32
4065,低く,20.9,4.32
4066,兄さん,20.9,4.32
4067,入院,20.9,4.32
4068,単なる,20.9,4.32
4069,印,20.9,4.32
4070,妖怪,20.9,4.32
4071,宝,20.9,4.32
4072,尾,20.9,4.32
4073,布団,20.9,4.32
4074,年金,20.9,4.32
4075,幸い,20.9,4.32
4076,弁,20.9,4.32
4077,急い,20.9,4.32
4078,愛さ,20.9,4.32
4079,拠点,20.9,4.32
4080,拡張,20.9,4.32
4081,措置,20.9,4.32
4082,新しく,20.9,4.32
4083,未満,20.9,4.32
4084,止まら,20.9,4.32
4085,死刑,20.9,4.32
4086,残業,20.9,4.32
4087,殿,20.9,4.32
4088,決まり,20.9,4.32
4089,泉,20.9,4.32
4090,生じ,20.9,4.32
4091,由来,20.9,4.32
4092,相性,20.9,4.32
4093,稼ぐ,20.9,4.32
4094,純粋,20.9,4.32
4095,組ん,20.9,4.32
4096,自治,20.9,4.32
4097,見れる,20.9,4.32
4098,観測,20.9,4.32
4099,評判,20.9,4.32
4100,誘導,20.9,4.32
4101,課,20.9,4.32
4102,警戒,20.9,4.32
4103,責め,20.9,4.32
4104,走行,20.9,4.32
4105,返信,20.9,4.32
4106,重ね,20.9,4.32
4107,集まる,20.9,4.32
4108,青春,20.9,4.32
4109,非難,20.9,4.32
4110,風邪,20.9,4.32
4111,騙さ,20.9,4.32
4112,akb,20.4,4.31
4113,day,20.4,4.31
4114,ll,20.4,4.31
4115,not,20.4,4.31
4116,tbs,20.4,4.31
4117,time,20.4,4.31
4118,yahoo,20.4,4.31
4119,おっさん,20.4,4.31
4120,くっ,20.4,4.31
4121,けい,20.4,4.31
4122,ごく,20.4,4.31
4123,たまに,20.4,4.31
4124,どー,20.4,4.31
4125,ゅ,20.4,4.31
4126,わり,20.4,4.31
4127,アイス,20.4,4.31
4128,アップデート,20.4,4.31
4129,アレンジ,20.4,4.31
4130,インチ,20.4,4.31
4131,キャンプ,20.4,4.31
4132,コミュニケーション,20.4,4.31
4133,スタンド,20.4,4.31
4134,セブン,20.4,4.31
4135,ハー,20.4,4.31
4136,ビックリ,20.4,4.31
4137,マップ,20.4,4.31
4138,メリット,20.4,4.31
4139,レン,20.4,4.31
4140,不幸,20.4,4.31
4141,体操,20.4,4.31
4142,助,20.4,4.31
4143,医学,20.4,4.31
4144,原則,20.4,4.31
4145,古,20.4,4.31
4146,合意,20.4,4.31
4147,哲学,20.4,4.31
4148,埋め,20.4,4.31
4149,増,20.4,4.31
4150,孫,20.4,4.31
4151,容易,20.4,4.31
4152,寄せ,20.4,4.31
4153,帽子,20.4,4.31
4154,従っ,20.4,4.31
4155,成分,20.4,4.31
4156,払う,20.4,4.31
4157,排除,20.4,4.31
4158,改造,20.4,4.31
4159,政党,20.4,4.31
4160,教える,20.4,4.31
4161,書店,20.4,4.31
4162,木村,20.4,4.31
4163,林,20.4,4.31
4164,構わ,20.4,4.31
4165,流出,20.4,4.31
4166,消える,20.4,4.31
4167,深刻,20.4,4.31
4168,漏れ,20.4,4.31
4169,甘,20.4,4.31
4170,痛く,20.4,4.31
4171,癖,20.4,4.31
4172,真ん中,20.4,4.31
4173,着い,20.4,4.31
4174,秋田,20.4,4.31
4175,統合,20.4,4.31
4176,繋がっ,20.4,4.31
4177,薄い,20.4,4.31
4178,豊か,20.4,4.31
4179,豪華,20.4,4.31
4180,貴,20.4,4.31
4181,通勤,20.4,4.31
4182,通報,20.4,4.31
4183,遊ぶ,20.4,4.31
4184,郎,20.4,4.31
4185,関与,20.4,4.31
4186,電池,20.4,4.31
4187,do,20.0,4.3
4188,more,20.0,4.3
4189,os,20.0,4.3
4190,pv,20.0,4.3
4191,いよいよ,20.0,4.3
4192,がんばっ,20.0,4.3
4193,きょう,20.0,4.3
4194,けども,20.0,4.3
4195,たっぷり,20.0,4.3
4196,ていう,20.0,4.3
4197,ところで,20.0,4.3
4198,どうやら,20.0,4.3
4199,ねる,20.0,4.3
4200,のち,20.0,4.3
4201,はじめて,20.0,4.3
4202,ふり,20.0,4.3
4203,よれ,20.0,4.3
4204,オーバー,20.0,4.3
4205,カール,20.0,4.3
4206,サーバー,20.0,4.3
4207,ショット,20.0,4.3
4208,スカート,20.0,4.3
4209,タウン,20.0,4.3
4210,タレント,20.0,4.3
4211,ビット,20.0,4.3
4212,ピザ,20.0,4.3
4213,マイル,20.0,4.3
4214,リン,20.0,4.3
4215,ローマ,20.0,4.3
4216,上下,20.0,4.3
4217,下記,20.0,4.3
4218,丼,20.0,4.3
4219,仕掛け,20.0,4.3
4220,付ける,20.0,4.3
4221,休ん,20.0,4.3
4222,判定,20.0,4.3
4223,割合,20.0,4.3
4224,加入,20.0,4.3
4225,厚,20.0,4.3
4226,喉,20.0,4.3
4227,塗り,20.0,4.3
4228,外出,20.0,4.3
4229,容量,20.0,4.3
4230,帰宅,20.0,4.3
4231,徐々に,20.0,4.3
4232,怖,20.0,4.3
4233,悠,20.0,4.3
4234,成績,20.0,4.3
4235,拘束,20.0,4.3
4236,故障,20.0,4.3
4237,既存,20.0,4.3
4238,昨年,20.0,4.3
4239,朝日,20.0,4.3
4240,楽器,20.0,4.3
4241,毎,20.0,4.3
4242,湯,20.0,4.3
4243,片付け,20.0,4.3
4244,研修,20.0,4.3
4245,翔,20.0,4.3
4246,行方,20.0,4.3
4247,言い方,20.0,4.3
4248,語り,20.0,4.3
4249,譲渡,20.0,4.3
4250,郵便,20.0,4.3
4251,重量,20.0,4.3
4252,阪神,20.0,4.3
4253,除く,20.0,4.3
4254,風景,20.0,4.3
4255,首都,20.0,4.3
4256,ex,19.5,4.29
4257,いったい,19.5,4.29
4258,おもしろい,19.5,4.29
4259,しょうが,19.5,4.29
4260,すっかり,19.5,4.29
4261,そら,19.5,4.29
4262,それなり,19.5,4.29
4263,たて,19.5,4.29
4264,たとえば,19.5,4.29
4265,とかいう,19.5,4.29
4266,ふう,19.5,4.29
4267,まずい,19.5,4.29
4268,もしかして,19.5,4.29
4269,やれる,19.5,4.29
4270,イライラ,19.5,4.29
4271,カン,19.5,4.29
4272,キン,19.5,4.29
4273,サン,19.5,4.29
4274,シナリオ,19.5,4.29
4275,タオル,19.5,4.29
4276,タンク,19.5,4.29
4277,トラ,19.5,4.29
4278,トロ,19.5,4.29
4279,ノリ,19.5,4.29
4280,ヘッド,19.5,4.29
4281,ボーナス,19.5,4.29
4282,マナー,19.5,4.29
4283,ユダヤ,19.5,4.29
4284,ラップ,19.5,4.29
4285,ロング,19.5,4.29
4286,不動産,19.5,4.29
4287,中華,19.5,4.29
4288,中間,19.5,4.29
4289,丿,19.5,4.29
4290,事例,19.5,4.29
4291,今更,19.5,4.29
4292,今朝,19.5,4.29
4293,個別,19.5,4.29
4294,卒,19.5,4.29
4295,単語,19.5,4.29
4296,名称,19.5,4.29
4297,執行,19.5,4.29
4298,外科,19.5,4.29
4299,奪わ,19.5,4.29
4300,好評,19.5,4.29
4301,嫌わ,19.5,4.29
4302,学会,19.5,4.29
4303,実に,19.5,4.29
4304,実力,19.5,4.29
4305,小型,19.5,4.29
4306,山形,19.5,4.29
4307,引き続き,19.5,4.29
4308,後で,19.5,4.29
4309,忘れる,19.5,4.29
4310,恥,19.5,4.29
4311,戻し,19.5,4.29
4312,払い,19.5,4.29
4313,揃っ,19.5,4.29
4314,本社,19.5,4.29
4315,根,19.5,4.29
4316,機体,19.5,4.29
4317,機構,19.5,4.29
4318,正しく,19.5,4.29
4319,正常,19.5,4.29
4320,正当,19.5,4.29
4321,殆ど,19.5,4.29
4322,汚染,19.5,4.29
4323,泣き,19.5,4.29
4324,湖,19.5,4.29
4325,溢れ,19.5,4.29
4326,申し上げ,19.5,4.29
4327,目覚め,19.5,4.29
4328,知事,19.5,4.29
4329,移住,19.5,4.29
4330,童貞,19.5,4.29
4331,網,19.5,4.29
4332,縦,19.5,4.29
4333,美術,19.5,4.29
4334,育っ,19.5,4.29
4335,臭,19.5,4.29
4336,記,19.5,4.29
4337,走り,19.5,4.29
4338,長年,19.5,4.29
4339,香港,19.5,4.29
4340,am,19.1,4.28
4341,こうして,19.1,4.28
4342,こわい,19.1,4.28
4343,さら,19.1,4.28
4344,たまたま,19.1,4.28
4345,ちゃい,19.1,4.28
4346,まる,19.1,4.28
4347,ゆく,19.1,4.28
4348,ろう,19.1,4.28
4349,わい,19.1,4.28
4350,アドバイス,19.1,4.28
4351,サー,19.1,4.28
4352,ショート,19.1,4.28
4353,ジョージ,19.1,4.28
4354,スープ,19.1,4.28
4355,ターゲット,19.1,4.28
4356,デッキ,19.1,4.28
4357,ハンター,19.1,4.28
4358,パイ,19.1,4.28
4359,パーティ,19.1,4.28
4360,フォロー,19.1,4.28
4361,マイク,19.1,4.28
4362,ランチ,19.1,4.28
4363,レシピ,19.1,4.28
4364,保守,19.1,4.28
4365,共産党,19.1,4.28
4366,出席,19.1,4.28
4367,分類,19.1,4.28
4368,加減,19.1,4.28
4369,単,19.1,4.28
4370,口座,19.1,4.28
4371,同盟,19.1,4.28
4372,大戦,19.1,4.28
4373,天国,19.1,4.28
4374,嫉妬,19.1,4.28
4375,寺,19.1,4.28
4376,巻き,19.1,4.28
4377,怪しい,19.1,4.28
4378,悪かっ,19.1,4.28
4379,抱い,19.1,4.28
4380,推測,19.1,4.28
4381,損害,19.1,4.28
4382,時刻,19.1,4.28
4383,机,19.1,4.28
4384,根拠,19.1,4.28
4385,洋,19.1,4.28
4386,消化,19.1,4.28
4387,無人,19.1,4.28
4388,班,19.1,4.28
4389,理,19.1,4.28
4390,畑,19.1,4.28
4391,着用,19.1,4.28
4392,究極,19.1,4.28
4393,経緯,19.1,4.28
4394,自治体,19.1,4.28
4395,舞,19.1,4.28
4396,見逃し,19.1,4.28
4397,貼っ,19.1,4.28
4398,越し,19.1,4.28
4399,農業,19.1,4.28
4400,込め,19.1,4.28
4401,返す,19.1,4.28
4402,進,19.1,4.28
4403,過ごす,19.1,4.28
4404,配慮,19.1,4.28
4405,防ぐ,19.1,4.28
4406,降っ,19.1,4.28
4407,震え,19.1,4.28
4408,駅前,19.1,4.28
4409,髪の毛,19.1,4.28
4410,an,18.6,4.27
4411,mc,18.6,4.27
4412,pr,18.6,4.27
4413,re,18.6,4.27
4414,rpg,18.6,4.27
4415,うそ,18.6,4.27
4416,おばさん,18.6,4.27
4417,およそ,18.6,4.27
4418,きん,18.6,4.27
4419,この世,18.6,4.27
4420,こんばんは,18.6,4.27
4421,ごはん,18.6,4.27
4422,さい,18.6,4.27
4423,せめて,18.6,4.27
4424,それなら,18.6,4.27
4425,ふたり,18.6,4.27
4426,もつ,18.6,4.27
4427,よろしい,18.6,4.27
4428,ア,18.6,4.27
4429,アルコール,18.6,4.27
4430,インストール,18.6,4.27
4431,ウチ,18.6,4.27
4432,キミ,18.6,4.27
4433,キーボード,18.6,4.27
4434,ゲイ,18.6,4.27
4435,シン,18.6,4.27
4436,スカイ,18.6,4.27
4437,スルー,18.6,4.27
4438,セリフ,18.6,4.27
4439,セル,18.6,4.27
4440,ソフトウェア,18.6,4.27
4441,タワー,18.6,4.27
4442,ターン,18.6,4.27
4443,ディズニー,18.6,4.27
4444,フリ,18.6,4.27
4445,プラン,18.6,4.27
4446,プレー,18.6,4.27
4447,ベルト,18.6,4.27
4448,ポスター,18.6,4.27
4449,マル,18.6,4.27
4450,ミルク,18.6,4.27
4451,モバイル,18.6,4.27
4452,ログイン,18.6,4.27
4453,ヶ,18.6,4.27
4454,交代,18.6,4.27
4455,信じる,18.6,4.27
4456,個性,18.6,4.27
4457,分かれ,18.6,4.27
4458,勇,18.6,4.27
4459,区別,18.6,4.27
4460,反映,18.6,4.27
4461,反発,18.6,4.27
4462,吉,18.6,4.27
4463,向き,18.6,4.27
4464,告知,18.6,4.27
4465,回り,18.6,4.27
4466,地位,18.6,4.27
4467,大人気,18.6,4.27
4468,守り,18.6,4.27
4469,宝石,18.6,4.27
4470,実践,18.6,4.27
4471,履歴,18.6,4.27
4472,帳,18.6,4.27
4473,待た,18.6,4.27
4474,復興,18.6,4.27
4475,急げ,18.6,4.27
4476,恵,18.6,4.27
4477,所持,18.6,4.27
4478,手続き,18.6,4.27
4479,扱っ,18.6,4.27
4480,推奨,18.6,4.27
4481,文庫,18.6,4.27
4482,日時,18.6,4.27
4483,栄養,18.6,4.27
4484,武,18.6,4.27
4485,死体,18.6,4.27
4486,無効,18.6,4.27
4487,狂っ,18.6,4.27
4488,狭い,18.6,4.27
4489,生え,18.6,4.27
4490,生放送,18.6,4.27
4491,用語,18.6,4.27
4492,痩せ,18.6,4.27
4493,看板,18.6,4.27
4494,編成,18.6,4.27
4495,聞け,18.6,4.27
4496,肉体,18.6,4.27
4497,藤,18.6,4.27
4498,虎,18.6,4.27
4499,衝突,18.6,4.27
4500,親子,18.6,4.27
4501,論理,18.6,4.27
4502,転換,18.6,4.27
4503,近づい,18.6,4.27
4504,金曜日,18.6,4.27
4505,録,18.6,4.27
4506,集まり,18.6,4.27
4507,青森,18.6,4.27
4508,飛ぶ,18.6,4.27
4509,飲め,18.6,4.27
4510,黒人,18.6,4.27
4511,bgm,18.2,4.26
4512,dj,18.2,4.26
4513,sm,18.2,4.26
4514,おもちゃ,18.2,4.26
4515,かた,18.2,4.26
4516,かわいそう,18.2,4.26
4517,けれども,18.2,4.26
4518,さまざま,18.2,4.26
4519,そっくり,18.2,4.26
4520,ってか,18.2,4.26
4521,アマゾン,18.2,4.26
4522,オーストラリア,18.2,4.26
4523,カナダ,18.2,4.26
4524,カリフォルニア,18.2,4.26
4525,ギャル,18.2,4.26
4526,ギリシャ,18.2,4.26
4527,シティ,18.2,4.26
4528,ジュース,18.2,4.26
4529,スクール,18.2,4.26
4530,タイヤ,18.2,4.26
4531,トム,18.2,4.26
4532,ヒト,18.2,4.26
4533,ベトナム,18.2,4.26
4534,ボランティア,18.2,4.26
4535,マスコミ,18.2,4.26
4536,メモリ,18.2,4.26
4537,並べ,18.2,4.26
4538,中世,18.2,4.26
4539,也,18.2,4.26
4540,予感,18.2,4.26
4541,何より,18.2,4.26
4542,保育,18.2,4.26
4543,入場,18.2,4.26
4544,出かけ,18.2,4.26
4545,利,18.2,4.26
4546,勿論,18.2,4.26
4547,反省,18.2,4.26
4548,合成,18.2,4.26
4549,向かい,18.2,4.26
4550,売上,18.2,4.26
4551,売却,18.2,4.26
4552,宿,18.2,4.26
4553,工,18.2,4.26
4554,巻き込ま,18.2,4.26
4555,広報,18.2,4.26
4556,形状,18.2,4.26
4557,快適,18.2,4.26
4558,愛する,18.2,4.26
4559,手間,18.2,4.26
4560,抗議,18.2,4.26
4561,揚げ,18.2,4.26
4562,援助,18.2,4.26
4563,撤退,18.2,4.26
4564,放棄,18.2,4.26
4565,文明,18.2,4.26
4566,斗,18.2,4.26
4567,最適,18.2,4.26
4568,朝日新聞,18.2,4.26
4569,果たし,18.2,4.26
4570,欧州,18.2,4.26
4571,止める,18.2,4.26
4572,求人,18.2,4.26
4573,留学,18.2,4.26
4574,白人,18.2,4.26
4575,繰り返す,18.2,4.26
4576,習慣,18.2,4.26
4577,菌,18.2,4.26
4578,衣,18.2,4.26
4579,解析,18.2,4.26
4580,証言,18.2,4.26
4581,試み,18.2,4.26
4582,詰め,18.2,4.26
4583,象徴,18.2,4.26
4584,踊り,18.2,4.26
4585,進出,18.2,4.26
4586,過激,18.2,4.26
4587,違和感,18.2,4.26
4588,都内,18.2,4.26
4589,酸素,18.2,4.26
4590,高め,18.2,4.26
4591,うっ,17.8,4.25
4592,がんばれ,17.8,4.25
4593,こっそり,17.8,4.25
4594,さよなら,17.8,4.25
4595,だけど,17.8,4.25
4596,でかい,17.8,4.25
4597,ばあちゃん,17.8,4.25
4598,もらお,17.8,4.25
4599,らん,17.8,4.25
4600,クマ,17.8,4.25
4601,コラボ,17.8,4.25
4602,ジャン,17.8,4.25
4603,スタンプ,17.8,4.25
4604,ソ,17.8,4.25
4605,チップ,17.8,4.25
4606,ニ,17.8,4.25
4607,ハワイ,17.8,4.25
4608,フジ,17.8,4.25
4609,フロント,17.8,4.25
4610,ミラー,17.8,4.25
4611,メジャー,17.8,4.25
4612,ラ,17.8,4.25
4613,ライバル,17.8,4.25
4614,リズム,17.8,4.25
4615,レンタル,17.8,4.25
4616,上級,17.8,4.25
4617,之,17.8,4.25
4618,人権,17.8,4.25
4619,何らかの,17.8,4.25
4620,切り替え,17.8,4.25
4621,割れ,17.8,4.25
4622,創業,17.8,4.25
4623,劣化,17.8,4.25
4624,動かし,17.8,4.25
4625,北部,17.8,4.25
4626,取締役,17.8,4.25
4627,召喚,17.8,4.25
4628,問い合わせ,17.8,4.25
4629,地下鉄,17.8,4.25
4630,塔,17.8,4.25
4631,大した,17.8,4.25
4632,大和,17.8,4.25
4633,女子高,17.8,4.25
4634,妨害,17.8,4.25
4635,宗,17.8,4.25
4636,富山,17.8,4.25
4637,幹部,17.8,4.25
4638,度目,17.8,4.25
4639,戦車,17.8,4.25
4640,投入,17.8,4.25
4641,指輪,17.8,4.25
4642,提示,17.8,4.25
4643,早速,17.8,4.25
4644,材,17.8,4.25
4645,東日本,17.8,4.25
4646,株式,17.8,4.25
4647,次々,17.8,4.25
4648,残す,17.8,4.25
4649,測定,17.8,4.25
4650,略,17.8,4.25
4651,皿,17.8,4.25
4652,福井,17.8,4.25
4653,糸,17.8,4.25
4654,細かい,17.8,4.25
4655,置か,17.8,4.25
4656,花火,17.8,4.25
4657,衛生,17.8,4.25
4658,認証,17.8,4.25
4659,込み,17.8,4.25
4660,透明,17.8,4.25
4661,避ける,17.8,4.25
4662,開幕,17.8,4.25
4663,顧客,17.8,4.25
4664,la,17.4,4.24
4665,mr,17.4,4.24
4666,music,17.4,4.24
4667,world,17.4,4.24
4668,あき,17.4,4.24
4669,いかに,17.4,4.24
4670,いざ,17.4,4.24
4671,この間,17.4,4.24
4672,すま,17.4,4.24
4673,っぽく,17.4,4.24
4674,とう,17.4,4.24
4675,どころ,17.4,4.24
4676,なので,17.4,4.24
4677,ふと,17.4,4.24
4678,まつり,17.4,4.24
4679,アルバイト,17.4,4.24
4680,エース,17.4,4.24
4681,ゲット,17.4,4.24
4682,コンセプト,17.4,4.24
4683,ジュニア,17.4,4.24
4684,スパイ,17.4,4.24
4685,チョコレート,17.4,4.24
4686,トレーニング,17.4,4.24
4687,ファイナル,17.4,4.24
4688,フィルム,17.4,4.24
4689,ヤ,17.4,4.24
4690,リ,17.4,4.24
4691,ロバート,17.4,4.24
4692,ワクワク,17.4,4.24
4693,不倫,17.4,4.24
4694,作ろ,17.4,4.24
4695,作曲,17.4,4.24
4696,倉庫,17.4,4.24
4697,偽,17.4,4.24
4698,兆,17.4,4.24
4699,冷たい,17.4,4.24
4700,出会える,17.4,4.24
4701,出産,17.4,4.24
4702,刃,17.4,4.24
4703,分離,17.4,4.24
4704,博物館,17.4,4.24
4705,叩き,17.4,4.24
4706,国境,17.4,4.24
4707,土日,17.4,4.24
4708,土曜,17.4,4.24
4709,壊し,17.4,4.24
4710,夏休み,17.4,4.24
4711,居酒屋,17.4,4.24
4712,工業,17.4,4.24
4713,幸福,17.4,4.24
4714,性欲,17.4,4.24
4715,捨てる,17.4,4.24
4716,改,17.4,4.24
4717,新鮮,17.4,4.24
4718,明るい,17.4,4.24
4719,晴れ,17.4,4.24
4720,暗い,17.4,4.24
4721,暴走,17.4,4.24
4722,月曜日,17.4,4.24
4723,来い,17.4,4.24
4724,東方,17.4,4.24
4725,栃木,17.4,4.24
4726,死者,17.4,4.24
4727,演じ,17.4,4.24
4728,激しく,17.4,4.24
4729,生き物,17.4,4.24
4730,田,17.4,4.24
4731,疑惑,17.4,4.24
4732,発想,17.4,4.24
4733,発明,17.4,4.24
4734,発覚,17.4,4.24
4735,皮膚,17.4,4.24
4736,瞳,17.4,4.24
4737,石原,17.4,4.24
4738,稼働,17.4,4.24
4739,突っ込ん,17.4,4.24
4740,突入,17.4,4.24
4741,紅,17.4,4.24
4742,綾,17.4,4.24
4743,置き,17.4,4.24
4744,群馬,17.4,4.24
4745,聞こえる,17.4,4.24
4746,脂肪,17.4,4.24
4747,落とす,17.4,4.24
4748,表明,17.4,4.24
4749,被災,17.4,4.24
4750,設け,17.4,4.24
4751,調べる,17.4,4.24
4752,諸,17.4,4.24
4753,豊富,17.4,4.24
4754,量産,17.4,4.24
4755,金曜,17.4,4.24
4756,飛ばし,17.4,4.24
4757,食う,17.4,4.24
4758,香川,17.4,4.24
4759,黄色,17.4,4.24
4760,good,17.0,4.23
4761,out,17.0,4.23
4762,what,17.0,4.23
4763,うま,17.0,4.23
4764,おいで,17.0,4.23
4765,しま,17.0,4.23
4766,それでは,17.0,4.23
4767,っ子,17.0,4.23
4768,び,17.0,4.23
4769,ぴったり,17.0,4.23
4770,みろ,17.0,4.23
4771,ゆり,17.0,4.23
4772,オブ,17.0,4.23
4773,カス,17.0,4.23
4774,カラオケ,17.0,4.23
4775,ゲート,17.0,4.23
4776,コン,17.0,4.23
4777,ショッピング,17.0,4.23
4778,ジン,17.0,4.23
4779,スコア,17.0,4.23
4780,スポット,17.0,4.23
4781,ソウル,17.0,4.23
4782,トレンド,17.0,4.23
4783,ブラジル,17.0,4.23
4784,ブレーキ,17.0,4.23
4785,ホット,17.0,4.23
4786,モー,17.0,4.23
4787,ワシントン,17.0,4.23
4788,中学校,17.0,4.23
4789,中毒,17.0,4.23
4790,住み,17.0,4.23
4791,入荷,17.0,4.23
4792,分解,17.0,4.23
4793,効く,17.0,4.23
4794,動,17.0,4.23
4795,協議,17.0,4.23
4796,博多,17.0,4.23
4797,吸っ,17.0,4.23
4798,問,17.0,4.23
4799,寄り,17.0,4.23
4800,寄付,17.0,4.23
4801,岩手,17.0,4.23
4802,広がっ,17.0,4.23
4803,強調,17.0,4.23
4804,志,17.0,4.23
4805,応用,17.0,4.23
4806,思わず,17.0,4.23
4807,意志,17.0,4.23
4808,戦場,17.0,4.23
4809,戸,17.0,4.23
4810,控え,17.0,4.23
4811,描写,17.0,4.23
4812,救急,17.0,4.23
4813,教科書,17.0,4.23
4814,案件,17.0,4.23
4815,正面,17.0,4.23
4816,歴,17.0,4.23
4817,永久,17.0,4.23
4818,法則,17.0,4.23
4819,洗っ,17.0,4.23
4820,独特,17.0,4.23
4821,療法,17.0,4.23
4822,砂糖,17.0,4.23
4823,稼い,17.0,4.23
4824,答える,17.0,4.23
4825,美術館,17.0,4.23
4826,職人,17.0,4.23
4827,胃,17.0,4.23
4828,自覚,17.0,4.23
4829,萌え,17.0,4.23
4830,蓮,17.0,4.23
4831,蘭,17.0,4.23
4832,要因,17.0,4.23
4833,見よ,17.0,4.23
4834,言い訳,17.0,4.23
4835,記述,17.0,4.23
4836,買お,17.0,4.23
4837,起こり,17.0,4.23
4838,軍隊,17.0,4.23
4839,集める,17.0,4.23
4840,難しく,17.0,4.23
4841,露出,17.0,4.23
4842,順位,17.0,4.23
4843,食わ,17.0,4.23
4844,餌,17.0,4.23
4845,鶏,17.0,4.23
4846,cc,16.6,4.22
4847,cg,16.6,4.22
4848,max,16.6,4.22
4849,say,16.6,4.22
4850,vr,16.6,4.22
4851,we,16.6,4.22
4852,あえて,16.6,4.22
4853,あくまで,16.6,4.22
4854,おしゃれ,16.6,4.22
4855,おや,16.6,4.22
4856,きつい,16.6,4.22
4857,そしたら,16.6,4.22
4858,そちら,16.6,4.22
4859,それから,16.6,4.22
4860,ちょい,16.6,4.22
4861,つながり,16.6,4.22
4862,てか,16.6,4.22
4863,べく,16.6,4.22
4864,オーク,16.6,4.22
4865,ギリギリ,16.6,4.22
4866,ジェット,16.6,4.22
4867,ダーク,16.6,4.22
4868,トランプ,16.6,4.22
4869,ペア,16.6,4.22
4870,ホラー,16.6,4.22
4871,ポート,16.6,4.22
4872,マッサージ,16.6,4.22
4873,メ,16.6,4.22
4874,メス,16.6,4.22
4875,ライオン,16.6,4.22
4876,中島,16.6,4.22
4877,予選,16.6,4.22
4878,井上,16.6,4.22
4879,仮面,16.6,4.22
4880,会計,16.6,4.22
4881,伝わっ,16.6,4.22
4882,伴う,16.6,4.22
4883,係,16.6,4.22
4884,保持,16.6,4.22
4885,共和,16.6,4.22
4886,出会え,16.6,4.22
4887,初代,16.6,4.22
4888,到達,16.6,4.22
4889,単独,16.6,4.22
4890,双子,16.6,4.22
4891,反乱,16.6,4.22
4892,和歌山,16.6,4.22
4893,唐,16.6,4.22
4894,商業,16.6,4.22
4895,囲ま,16.6,4.22
4896,増やす,16.6,4.22
4897,孤独,16.6,4.22
4898,学び,16.6,4.22
4899,寄っ,16.6,4.22
4900,尚,16.6,4.22
4901,布,16.6,4.22
4902,師匠,16.6,4.22
4903,帰れ,16.6,4.22
4904,廃棄,16.6,4.22
4905,引っ越し,16.6,4.22
4906,念,16.6,4.22
4907,愛情,16.6,4.22
4908,成,16.6,4.22
4909,所得,16.6,4.22
4910,接近,16.6,4.22
4911,放っ,16.6,4.22
4912,日程,16.6,4.22
4913,日経,16.6,4.22
4914,月曜,16.6,4.22
4915,有利,16.6,4.22
4916,望ん,16.6,4.22
4917,欲求,16.6,4.22
4918,池袋,16.6,4.22
4919,活性,16.6,4.22
4920,海岸,16.6,4.22
4921,清水,16.6,4.22
4922,無くなっ,16.6,4.22
4923,熟,16.6,4.22
4924,生存,16.6,4.22
4925,生涯,16.6,4.22
4926,用途,16.6,4.22
4927,癌,16.6,4.22
4928,着る,16.6,4.22
4929,知的,16.6,4.22
4930,砲,16.6,4.22
4931,祝,16.6,4.22
4932,脅威,16.6,4.22
4933,裕,16.6,4.22
4934,襲撃,16.6,4.22
4935,見つかる,16.6,4.22
4936,見解,16.6,4.22
4937,親父,16.6,4.22
4938,誘っ,16.6,4.22
4939,負ける,16.6,4.22
4940,財政,16.6,4.22
4941,買収,16.6,4.22
4942,輸出,16.6,4.22
4943,醤油,16.6,4.22
4944,銀座,16.6,4.22
4945,閉じ,16.6,4.22
4946,集会,16.6,4.22
4947,離脱,16.6,4.22
4948,雷,16.6,4.22
4949,ai,16.2,4.21
4950,au,16.2,4.21
4951,like,16.2,4.21
4952,ng,16.2,4.21
4953,part,16.2,4.21
4954,us,16.2,4.21
4955,△,16.2,4.21
4956,かぁ,16.2,4.21
4957,そん,16.2,4.21
4958,ほんの,16.2,4.21
4959,めん,16.2,4.21
4960,イエス,16.2,4.21
4961,イラク,16.2,4.21
4962,カ,16.2,4.21
4963,グラス,16.2,4.21
4964,シフト,16.2,4.21
4965,ゾンビ,16.2,4.21
4966,チェーン,16.2,4.21
4967,チキン,16.2,4.21
4968,テキスト,16.2,4.21
4969,テン,16.2,4.21
4970,トマト,16.2,4.21
4971,トンネル,16.2,4.21
4972,ドーム,16.2,4.21
4973,パーク,16.2,4.21
4974,フィールド,16.2,4.21
4975,ペース,16.2,4.21
4976,ポジション,16.2,4.21
4977,ポーズ,16.2,4.21
4978,ラス,16.2,4.21
4979,リアルタイム,16.2,4.21
4980,リス,16.2,4.21
4981,ロン,16.2,4.21
4982,一族,16.2,4.21
4983,代行,16.2,4.21
4984,仮,16.2,4.21
4985,佐賀,16.2,4.21
4986,例外,16.2,4.21
4987,僕ら,16.2,4.21
4988,充分,16.2,4.21
4989,入社,16.2,4.21
4990,全面,16.2,4.21
4991,冷蔵庫,16.2,4.21
4992,出典,16.2,4.21
4993,出勤,16.2,4.21
4994,取れる,16.2,4.21
4995,合体,16.2,4.21
4996,商店,16.2,4.21
4997,喜ぶ,16.2,4.21
4998,在,16.2,4.21
4999,在庫,16.2,4.21
5000,女神,16.2,4.21
